,ABV,Coin,Market Cap,Percent Change,Price
0,BTC,Bitcoin,1.14729987404e+11,0.93%,$6632.88
1,XRP,XRP,24270418203.6,7.83%,$0.608725
2,ETH,Ethereum,24058942967.8,1.93%,$235.22
3,BCH,Bitcoin Cash,9354742452.89,-0.22%,$538.35
4,EOS,EOS,5304640538.5,2.09%,$5.85
5,XLM,Stellar,4935576669.74,3.04%,$0.262671
6,LTC,Litecoin,3587166537.25,-0.57%,$61.30
7,USDT,Tether,2799337768.75,-0.16%,$0.997476
8,ADA,Cardano,2240604389.3,2.45%,$0.086419
9,XMR,Monero,1911471220.49,-0.20%,$116.20
10,MIOTA,IOTA,1584164380.87,0.77%,$0.569940
11,DASH,Dash,1575390802.89,0.52%,$188.69
12,TRX,TRON,1475324493.45,2.22%,$0.022439
13,NEO,NEO,1235716826.91,0.34%,$19.01
14,ETC,Ethereum Classic,1190799545.56,-0.10%,$11.35
15,BNB,Binance Coin,1171082815.99,0.10%,$9.97
16,XTZ,Tezos,883895404.409,1.70%,$1.45
17,XEM,NEM,863675574.558,1.11%,$0.095964
18,VET,VeChain,724625136.977,0.80%,$0.013067
19,DOGE,Dogecoin,686331222.14,1.27%,$0.005898
20,ZEC,Zcash,652519564.272,-0.84%,$132.88
21,OMG,OmiseGO,527412344.55,3.64%,$3.76
22,BTG,Bitcoin Gold,450217124.182,-0.70%,$26.08
23,BCN,Bytecoin,407960344.533,-0.72%,$0.002216
24,LSK,Lisk,376374953.429,1.12%,$3.40
25,ONT,Ontology,369595204.699,1.16%,$2.01
26,MKR,Maker,362375057.269,2.34%,$497.61
27,ZRX,0x,352618906.717,-0.98%,$0.653206
28,QTUM,Qtum,346568546.491,1.24%,$3.90
29,DCR,Decred,336430202.326,1.47%,$39.31
30,BTS,BitShares,306094823.969,0.52%,$0.114996
31,NANO,Nano,298664942.506,-0.16%,$2.24
32,BCD,Bitcoin Diamond,296019170.806,1.46%,$1.93
33,ZIL,Zilliqa,276018861.464,1.68%,$0.035476
34,DGB,DigiByte,269286365.608,-1.12%,$0.024792
35,STEEM,Steem,267926528.63,3.83%,$0.964049
36,ICX,ICON,254070854.976,0.03%,$0.655783
37,AE,Aeternity,251758332.499,7.00%,$1.08
38,SC,Siacoin,234345257.78,3.61%,$0.006312
39,XVG,Verge,228735493.99,4.36%,$0.015076
40,WAVES,Waves,220116247.678,0.05%,$2.20
41,BTM,Bytom,185216465.909,2.33%,$0.184755
42,NPXS,Pundi X,183036963.948,4.69%,$0.001567
43,BAT,Basic Attenti...,172325744.471,2.02%,$0.172326
44,ETP,Metaverse ETP,171957559.459,-3.01%,$3.31
45,ETN,Electroneum,160973837.693,-2.04%,$0.020094
46,STRAT,Stratis,160148193.34,-0.96%,$1.62
47,REP,Augur,150935484.138,2.25%,$13.72
48,GNT,Golem,148736418.527,1.39%,$0.155056
49,RDD,ReddCoin,147023046.977,24.27%,$0.005103
50,HOT,Holo,141226219.931,5.57%,$0.001060
51,KMD,Komodo,132138905.655,-0.50%,$1.20
52,SNT,Status,131647681.515,0.28%,$0.037934
53,PPT,Populous,122852363.213,1.06%,$3.32
54,ARDR,Ardor,120906687.072,-1.99%,$0.121028
55,MITH,Mithril,117536426.882,1.97%,$0.303404
56,WTC,Waltonchain,117519319.0,1.76%,$2.93
57,KCS,KuCoin Shares,117389578.481,2.83%,$1.29
58,CNX,Cryptonex,116960596.712,2.15%,$2.11
59,MOAC,MOAC,116391189.722,5.85%,$1.86
60,LINK,Chainlink,112330622.12,-2.58%,$0.320945
61,MAID,MaidSafeCoin,111775426.462,1.09%,$0.246989
62,XET,ETERNAL TOKEN,109279479.907,-14.91%,$1.81
63,IOST,IOST,105887100.567,1.89%,$0.012606
64,TUSD,TrueUSD,103793120.849,-0.08%,$1.00
65,WAN,Wanchain,100657763.298,1.67%,$0.948237
66,HC,HyperCash,98915677.087,0.99%,$2.27
67,HT,Huobi Token,96293173.9757,6.73%,$1.93
68,RHOC,RChain,94285758.607,-5.65%,$0.246180
69,AION,Aion,93314896.8916,0.25%,$0.415111
70,BNT,Bancor,87695537.4409,1.37%,$1.52
71,DROP,Dropil,87020197.9841,0.71%,$0.003957
72,ELF,aelf,85123599.9685,1.20%,$0.340494
73,MONA,MonaCoin,84445605.2433,-0.01%,$1.35
74,GXS,GXChain,83511902.0352,1.60%,$1.39
75,NAS,Nebulas,81049467.7424,25.65%,$1.78
76,FUN,FunFair,80733171.9419,0.35%,$0.016112
77,MANA,Decentraland,80240306.4115,1.95%,$0.076409
78,ZEN,Horizen,79902411.6408,-0.71%,$16.54
79,QASH,QASH,78150079.1914,-2.50%,$0.223286
80,DGD,DigixDAO,77476501.1072,3.17%,$38.74
81,DCN,Dentacoin,76456211.309,-5.47%,$0.000235
82,AOA,Aurora,76321135.7146,-2.73%,$0.022050
83,ARK,Ark,75819444.2179,0.30%,$0.718867
84,PAY,TenX,74472729.7989,-1.90%,$0.681063
85,CMT,CyberMiles,72751655.7081,4.70%,$0.104311
86,MCO,Crypto.com,70090531.5766,-0.81%,$4.44
87,NXT,Nxt,69484906.8164,1.03%,$0.069554
88,XIN,Mixin,66516977.2474,1.51%,$149.98
89,THETA,Theta Token,64800848.0856,5.75%,$0.094738
90,PIVX,PIVX,64736507.4906,-9.79%,$1.14
91,POWR,Power Ledger,64698691.8652,-0.25%,$0.167470
92,LOOM,Loom Network,63001816.8644,8.41%,$0.106305
93,WAX,WAX,62808148.5269,-1.64%,$0.067189
94,GAS,Gas,61334468.9943,-2.96%,$6.06
95,DRGN,Dragonchain,60949715.0182,20.69%,$0.255638
96,LRC,Loopring,58238592.4584,-0.09%,$0.101803
97,XZC,ZCoin,57250575.7144,-0.22%,$9.95
98,DAI,Dai,55559130.0808,-0.26%,$0.996285
99,ELA,Elastos,55051885.3591,2.31%,$7.14
100,BTC,Bitcoin,1.14729987404e+11,0.93%,$6632.88
101,XRP,XRP,24270418203.6,7.83%,$0.608725
102,ETH,Ethereum,24058942967.8,1.93%,$235.22
103,BCH,Bitcoin Cash,9354742452.89,-0.22%,$538.35
104,EOS,EOS,5304640538.5,2.09%,$5.85
105,XLM,Stellar,4935576669.74,3.04%,$0.262671
106,LTC,Litecoin,3587166537.25,-0.57%,$61.30
107,USDT,Tether,2799337768.75,-0.16%,$0.997476
108,ADA,Cardano,2240604389.3,2.45%,$0.086419
109,XMR,Monero,1911471220.49,-0.20%,$116.20
110,MIOTA,IOTA,1584164380.87,0.77%,$0.569940
111,DASH,Dash,1575390802.89,0.52%,$188.69
112,TRX,TRON,1475324493.45,2.22%,$0.022439
113,NEO,NEO,1235716826.91,0.34%,$19.01
114,ETC,Ethereum Classic,1190799545.56,-0.10%,$11.35
115,BNB,Binance Coin,1171082815.99,0.10%,$9.97
116,XTZ,Tezos,883895404.409,1.70%,$1.45
117,XEM,NEM,863675574.558,1.11%,$0.095964
118,VET,VeChain,724625136.977,0.80%,$0.013067
119,DOGE,Dogecoin,686331222.14,1.27%,$0.005898
120,ZEC,Zcash,652519564.272,-0.84%,$132.88
121,OMG,OmiseGO,527412344.55,3.64%,$3.76
122,BTG,Bitcoin Gold,450217124.182,-0.70%,$26.08
123,BCN,Bytecoin,407960344.533,-0.72%,$0.002216
124,LSK,Lisk,376374953.429,1.12%,$3.40
125,ONT,Ontology,369595204.699,1.16%,$2.01
126,MKR,Maker,362375057.269,2.34%,$497.61
127,ZRX,0x,352618906.717,-0.98%,$0.653206
128,QTUM,Qtum,346568546.491,1.24%,$3.90
129,DCR,Decred,336430202.326,1.47%,$39.31
130,BTS,BitShares,306094823.969,0.52%,$0.114996
131,NANO,Nano,298664942.506,-0.16%,$2.24
132,BCD,Bitcoin Diamond,296019170.806,1.46%,$1.93
133,ZIL,Zilliqa,276018861.464,1.68%,$0.035476
134,DGB,DigiByte,269286365.608,-1.12%,$0.024792
135,STEEM,Steem,267926528.63,3.83%,$0.964049
136,ICX,ICON,254070854.976,0.03%,$0.655783
137,AE,Aeternity,251758332.499,7.00%,$1.08
138,SC,Siacoin,234345257.78,3.61%,$0.006312
139,XVG,Verge,228735493.99,4.36%,$0.015076
140,WAVES,Waves,220116247.678,0.05%,$2.20
141,BTM,Bytom,185216465.909,2.33%,$0.184755
142,NPXS,Pundi X,183036963.948,4.69%,$0.001567
143,BAT,Basic Attenti...,172325744.471,2.02%,$0.172326
144,ETP,Metaverse ETP,171957559.459,-3.01%,$3.31
145,ETN,Electroneum,160973837.693,-2.04%,$0.020094
146,STRAT,Stratis,160148193.34,-0.96%,$1.62
147,REP,Augur,150935484.138,2.25%,$13.72
148,GNT,Golem,148736418.527,1.39%,$0.155056
149,RDD,ReddCoin,147023046.977,24.27%,$0.005103
150,HOT,Holo,141226219.931,5.57%,$0.001060
151,KMD,Komodo,132138905.655,-0.50%,$1.20
152,SNT,Status,131647681.515,0.28%,$0.037934
153,PPT,Populous,122852363.213,1.06%,$3.32
154,ARDR,Ardor,120906687.072,-1.99%,$0.121028
155,MITH,Mithril,117536426.882,1.97%,$0.303404
156,WTC,Waltonchain,117519319.0,1.76%,$2.93
157,KCS,KuCoin Shares,117389578.481,2.83%,$1.29
158,CNX,Cryptonex,116960596.712,2.15%,$2.11
159,MOAC,MOAC,116391189.722,5.85%,$1.86
160,LINK,Chainlink,112330622.12,-2.58%,$0.320945
161,MAID,MaidSafeCoin,111775426.462,1.09%,$0.246989
162,XET,ETERNAL TOKEN,109279479.907,-14.91%,$1.81
163,IOST,IOST,105887100.567,1.89%,$0.012606
164,TUSD,TrueUSD,103793120.849,-0.08%,$1.00
165,WAN,Wanchain,100657763.298,1.67%,$0.948237
166,HC,HyperCash,98915677.087,0.99%,$2.27
167,HT,Huobi Token,96293173.9757,6.73%,$1.93
168,RHOC,RChain,94285758.607,-5.65%,$0.246180
169,AION,Aion,93314896.8916,0.25%,$0.415111
170,BNT,Bancor,87695537.4409,1.37%,$1.52
171,DROP,Dropil,87020197.9841,0.71%,$0.003957
172,ELF,aelf,85123599.9685,1.20%,$0.340494
173,MONA,MonaCoin,84445605.2433,-0.01%,$1.35
174,GXS,GXChain,83511902.0352,1.60%,$1.39
175,NAS,Nebulas,81049467.7424,25.65%,$1.78
176,FUN,FunFair,80733171.9419,0.35%,$0.016112
177,MANA,Decentraland,80240306.4115,1.95%,$0.076409
178,ZEN,Horizen,79902411.6408,-0.71%,$16.54
179,QASH,QASH,78150079.1914,-2.50%,$0.223286
180,DGD,DigixDAO,77476501.1072,3.17%,$38.74
181,DCN,Dentacoin,76456211.309,-5.47%,$0.000235
182,AOA,Aurora,76321135.7146,-2.73%,$0.022050
183,ARK,Ark,75819444.2179,0.30%,$0.718867
184,PAY,TenX,74472729.7989,-1.90%,$0.681063
185,CMT,CyberMiles,72751655.7081,4.70%,$0.104311
186,MCO,Crypto.com,70090531.5766,-0.81%,$4.44
187,NXT,Nxt,69484906.8164,1.03%,$0.069554
188,XIN,Mixin,66516977.2474,1.51%,$149.98
189,THETA,Theta Token,64800848.0856,5.75%,$0.094738
190,PIVX,PIVX,64736507.4906,-9.79%,$1.14
191,POWR,Power Ledger,64698691.8652,-0.25%,$0.167470
192,LOOM,Loom Network,63001816.8644,8.41%,$0.106305
193,WAX,WAX,62808148.5269,-1.64%,$0.067189
194,GAS,Gas,61334468.9943,-2.96%,$6.06
195,DRGN,Dragonchain,60949715.0182,20.69%,$0.255638
196,LRC,Loopring,58238592.4584,-0.09%,$0.101803
197,XZC,ZCoin,57250575.7144,-0.22%,$9.95
198,DAI,Dai,55559130.0808,-0.26%,$0.996285
199,ELA,Elastos,55051885.3591,2.31%,$7.14
200,BTCP,Bitcoin Private,54646693.0702,-0.53%,$2.66
201,OCN,Odyssey,54175528.2874,31.47%,$0.011405
202,KNC,Kyber Network,53214308.9405,4.46%,$0.396729
203,KIN,Kin,50872501.5885,2.34%,$0.000067
204,POLY,Polymath,49661252.7922,2.81%,$0.174368
205,SYS,Syscoin,49533104.0776,2.14%,$0.091588
206,NXS,Nexus,48817362.8327,1.22%,$0.835241
207,NULS,Nuls,48180157.7068,-1.29%,$1.20
208,CTXC,Cortex,48033175.1672,5.36%,$0.320665
209,ENG,Enigma,46726372.1942,2.43%,$0.624382
210,SUB,Substratum,46444170.2107,0.80%,$0.121258
211,BCO,BridgeCoin,46418937.5554,-4.05%,$1.72
212,ENJ,Enjin Coin,45147241.4305,-4.99%,$0.059314
213,FCT,Factom,44378849.4011,0.95%,$5.07
214,CVC,Civic,43866219.3633,0.21%,$0.128002
215,BIX,Bibox Token,42551376.7225,-1.28%,$0.415788
216,EMC,Emercoin,42386714.0986,-0.19%,$1.01
217,CENNZ,Centrality,40260670.9475,1.25%,$0.050549
218,NOAH,Noah Coin,39847855.2877,2.76%,$0.001219
219,GRS,Groestlcoin,39735073.2918,1.57%,$0.559734
220,WICC,WaykiChain,39705446.7595,6.66%,$0.233716
221,NEXO,Nexo,39552971.217,12.35%,$0.070630
222,ICN,Iconomi,38988075.7211,4.77%,$0.394096
223,TEL,Telcoin,38844647.3016,-2.49%,$0.001121
224,GVT,Genesis Vision,38671056.3321,0.93%,$9.22
225,R,Revain,38112246.8256,12.65%,$0.133986
226,DENT,Dent,38079200.8416,1.15%,$0.002209
227,QKC,QuarkChain,37323925.203,3.92%,$0.046559
228,STORJ,Storj,37113701.7838,-2.74%,$0.273322
229,STORM,Storm,37107149.8246,1.32%,$0.008286
230,GTO,Gifto,36998461.941,2.96%,$0.070097
231,GBYTE,Byteball Bytes,36271085.8637,2.18%,$54.72
232,SALT,SALT,35082010.5901,2.01%,$0.488057
233,NEC,Nectar,34786918.7829,-9.06%,$0.422412
234,LKY,Linkey,34746875.8516,0.36%,$0.694938
235,MAN,Matrix AI Net...,34595812.936,2.33%,$0.230639
236,SKY,Skycoin,34535846.2903,-0.86%,$3.45
237,SAN,Santiment Net...,34281612.5243,2.81%,$0.547102
238,VERI,Veritaseum,33780748.9281,1.01%,$16.59
239,VTC,Vertcoin,33494461.6561,2.69%,$0.724951
240,REQ,Request Network,33350871.6252,6.00%,$0.045928
241,EDR,Endor Protocol,32929164.529,-3.16%,$0.058776
242,TEN,Tokenomy,32508731.0806,0.78%,$0.162544
243,WGR,Wagerr,32261529.8752,-0.20%,$0.176293
244,GCR,Global Curren...,32253735.8643,-3.66%,$0.307849
245,DDD,Scry.info,31915515.4488,1.71%,$0.072526
246,RLC,iExec RLC,31647091.9911,0.19%,$0.395239
247,CRPT,Crypterium,31596063.2127,0.40%,$0.397202
248,IGNIS,Ignis,31569075.2398,-0.04%,$0.041476
249,BHPC,BHPCash,31539446.446,0.81%,$1.23
250,ZIP,Zipper,31398878.0311,10.27%,$0.001938
251,BRD,Bread,31384385.2346,3.80%,$0.353691
252,HPB,High Performa...,31164849.9487,-2.98%,$0.835460
253,CND,Cindicator,31058471.2546,-2.83%,$0.021479
254,DATA,Streamr DATAcoin,30631225.0695,32.81%,$0.045235
255,NMC,Namecoin,30583122.3018,22.69%,$2.08
256,C20,CRYPTO20,30067338.6019,1.46%,$0.744789
257,FSN,Fusion,29041788.3329,-3.96%,$0.978354
258,GNO,Gnosis,28312644.6599,1.86%,$25.63
259,SMART,SmartCash,28038950.644,-0.56%,$0.026608
260,ETHOS,Ethos,27408198.7588,1.54%,$0.342647
261,STQ,Storiqa,26966848.6842,1.47%,$0.002746
262,BFT,BnkToTheFuture,26915498.6472,1.86%,$0.042724
263,RVN,Ravencoin,26886977.0889,1.20%,$0.014009
264,APL,Apollo Currency,26867996.2914,4.65%,$0.001830
265,TRUE,TrueChain,26821878.5156,2.46%,$0.577451
266,NCASH,Nucleus Vision,26809136.6506,1.62%,$0.005433
267,PPC,Peercoin,26354615.6482,0.55%,$1.06
268,NEBL,Neblio,26037983.6044,2.19%,$1.92
269,EDO,Eidoo,25782934.6236,1.26%,$0.881123
270,SMT,SmartMesh,25259139.136,4.54%,$0.017867
271,RNT,OneRoot Network,24942788.9099,-1.20%,$0.100868
272,XDN,DigitalNote,24942224.971,19.00%,$0.003600
273,POE,Po.et,24931591.8405,2.37%,$0.010576
274,DGTX,Digitex Futures,24748579.2958,-0.24%,$0.035355
275,BCI,Bitcoin Interest,24708227.059,9.09%,$1.35
276,BLZ,Bluzelle,24694049.1283,5.68%,$0.128231
277,ANT,Aragon,24557092.4949,-2.84%,$0.868914
278,SOC,All Sports,24425358.1129,2.37%,$0.016679
279,AGI,SingularityNET,24344936.982,-5.02%,$0.045111
280,PLR,Pillar,24272197.802,2.29%,$0.093589
281,GBC,Gold Bits Coin,24197127.8257,0.64%,$0.228342
282,CS,Credits,23972989.9091,-6.76%,$0.167171
283,BLOCK,Blocknet,23970429.2042,-1.12%,$4.48
284,BITCNY,bitCNY,23918009.2546,-0.13%,$0.145831
285,NTY,Nexty,23635030.0819,4.55%,$0.000160
286,TTU,TaTaTu,23527855.2784,0.40%,$0.243237
287,SXDT,Spectre.ai Di...,23434957.5562,0.00%,$0.285536
288,ACT,Achain,23349070.0065,11.89%,$0.034098
289,RDN,Raiden Networ...,23095966.096,2.36%,$0.460364
290,TNB,Time New Bank,23088038.7835,4.21%,$0.009777
291,QSP,Quantstamp,22729911.5631,2.47%,$0.036821
292,CVT,CyberVein,22531693.2302,-0.65%,$0.021248
293,XWC,WhiteCoin,22470293.312,-0.62%,$0.089963
294,PART,Particl,22207324.2844,-3.44%,$2.75
295,TPAY,TokenPay,22020058.2356,-6.74%,$1.41
296,GNX,Genaro Network,22000549.984,6.04%,$0.061735
297,UBQ,Ubiq,21958620.2073,9.09%,$0.515350
298,APIS,APIS,21910290.4855,-0.83%,$0.004496
299,GO,GoChain,21840179.6374,7.49%,$0.035111
300,VEE,BLOCKv,21766006.4474,3.79%,$0.010853
301,AMB,Ambrosus,21734361.7911,0.75%,$0.150316
302,NAV,NavCoin,21619663.6995,-0.71%,$0.340881
303,BOS,BOScoin,21567495.5057,0.29%,$0.048286
304,REN,Republic Prot...,21486188.4803,3.48%,$0.036060
305,BTO,Bottos,21253649.5672,6.49%,$0.041675
306,RUFF,Ruff,21156914.1482,6.71%,$0.022730
307,COSM,Cosmo Coin,21109788.1065,-1.46%,$0.036992
308,MDS,MediShares,20844657.3084,1.19%,$0.020211
309,ABT,Arcblock,20554529.8601,2.83%,$0.218819
310,SNM,SONM,20541022.1856,-1.68%,$0.057122
311,GTC,Game.com,20494558.3034,5.55%,$0.026915
312,TKY,THEKEY,20373081.3064,-2.05%,$0.004026
313,SPANK,SpankChain,20297299.0802,12.60%,$0.067648
314,BURST,Burst,19493977.5837,-1.06%,$0.009811
315,MTL,Metal,19399918.6122,-3.38%,$0.699204
316,SAFEX,Safe Exchange...,19384380.4643,-0.35%,$0.012562
317,ZCL,ZClassic,18950258.7213,0.30%,$3.82
318,OST,OST,18938734.2413,3.41%,$0.047293
319,JNT,Jibrel Network,18881599.5548,8.66%,$0.114019
320,DTA,DATA,18335577.1672,9.09%,$0.002987
321,MFT,Mainframe,18292710.6822,2.91%,$0.007194
322,POA,POA Network,18241953.6081,-1.86%,$0.083086
323,AUTO,Cube,18232990.905,0.09%,$0.002691
324,PST,Primas,18132251.4268,2.68%,$0.344114
325,BAY,BitBay,17935098.3326,3.50%,$0.017720
326,SRN,SIRIN LABS Token,17765339.3939,2.71%,$0.077491
327,EDG,Edgeless,17574160.3015,-1.54%,$0.183754
328,PZM,PRIZM,17475039.0247,1.16%,$0.292423
329,IOTX,IoTeX,17431401.4722,3.07%,$0.013096
330,SLS,SaluS,17428209.4437,3.64%,$17.23
331,NGC,NAGA,17321903.2947,-1.08%,$0.294469
332,XAS,Asch,17221803.5061,1.02%,$0.184476
333,ITC,IoT Chain,17189672.9295,2.02%,$0.274520
334,ATX,Aston,17072867.5287,1.64%,$0.020719
335,TOMO,TomoChain,17051118.6059,3.23%,$0.310020
336,TIO,Trade Token,16966335.517,0.34%,$0.188680
337,TTC,TTC Protocol,16820903.7881,-1.50%,$0.061174
338,LEND,ETHLend,16388526.0557,1.36%,$0.014896
339,MGO,MobileGo,16163287.7725,0.39%,$0.161633
340,UNO,Unobtanium,16122914.1346,-0.69%,$80.90
341,TMC,Timicoin,16081149.3718,7.68%,$0.052230
342,ECA,Electra,16032232.5567,-14.12%,$0.000570
343,SEELE,Seele,15929297.1643,6.09%,$0.026752
344,VIBE,VIBE,15840543.3296,4.05%,$0.079124
345,LCC,Litecoin Cash,15763239.0505,2.61%,$0.026780
346,VITE,VITE,15715676.154,0.46%,$0.046167
347,SPHTX,SophiaTX,15595651.1543,7.89%,$0.080710
348,RKT,Rock,15399029.2573,-6.89%,$0.032554
349,EMC2,Einsteinium,15378123.5027,0.86%,$0.070654
350,CHAT,ChatCoin,15355674.9092,1.61%,$0.022255
351,UTK,UTRUST,15307933.5651,3.11%,$0.034018
352,SBD,Steem Dollars,15182093.4235,0.27%,$1.01
353,XPM,Primecoin,15153043.3754,-3.49%,$0.604257
354,ADX,AdEx,15151411.0548,3.11%,$0.206336
355,KEY,Selfkey,14950916.8777,0.16%,$0.006150
356,DNT,district0x,14835472.8764,2.97%,$0.024726
357,FXT,FuzeX,14722990.7304,4.72%,$0.019423
358,LYM,Lympo,14523141.1033,2.91%,$0.019278
359,VIA,Viacoin,14474111.2035,0.27%,$0.626797
360,SNGLS,SingularDTV,14405376.0446,1.17%,$0.024009
361,RTH,Rotharium,14388732.7917,0.37%,$4.29
362,CSC,CasinoCoin,14298467.3128,6.60%,$0.000397
363,EURS,STASIS EURS,14289287.6688,1.17%,$1.16
364,PAI,PCHAIN,14247952.1642,1.19%,$0.019207
365,DBC,DeepBrain Chain,14185476.1775,-6.17%,$0.009457
366,MOD,Modum,14177376.1926,-0.83%,$0.666662
367,MEDX,MediBloc [ERC20],13998853.0998,4.13%,$0.004423
368,RCN,Ripio Credit ...,13969946.785,0.30%,$0.028298
369,KAN,BitKan,13876567.9886,0.99%,$0.005330
370,DEW,DEW,13755062.2726,11.11%,$0.133228
371,ION,ION,13748244.05,1.84%,$0.635740
372,BTX,Bitcore,13700758.1063,1.68%,$0.869666
373,EOSDAC,eosDAC,13598068.6466,-2.55%,$0.020580
374,QLC,QLC Chain,13581882.6265,7.31%,$0.056591
375,MTC,Docademic,13520316.4441,3.93%,$0.053583
376,EVR,Everus,13507937.7814,59.68%,$0.025986
377,BAX,BABB,13479650.5754,1.56%,$0.000642
378,PPP,PayPie,13328340.6104,0.00%,$0.161556
379,PMA,PumaPay,13267482.6892,-5.48%,$0.000832
380,GAME,GameCredits,13240153.327,0.43%,$0.191565
381,TCT,TokenClub,13018160.6088,1.85%,$0.027041
382,XBY,XTRABYTES,12960377.6729,6.49%,$0.030140
383,NIX,NIX,12867678.3657,-2.95%,$0.309705
384,PASC,Pascal Coin,12707228.6443,-1.54%,$0.556427
385,WINGS,Wings,12610090.3171,-3.31%,$0.140568
386,PRE,Presearch,12605526.1123,-2.05%,$0.081326
387,AST,AirSwap,12484531.3047,3.28%,$0.083230
388,$PAC,PACcoin,12460687.2221,0.04%,$0.002646
389,CLOAK,CloakCoin,12438525.107,4.05%,$2.39
390,HORUS,HorusPay,12416209.1271,-6.70%,$0.014225
391,BWT,Bittwatt,12414699.7717,5.35%,$0.041685
392,MNX,MinexCoin,12236155.0194,-1.55%,$2.83
393,APPC,AppCoins,12235163.185,9.30%,$0.122285
394,IMT,Moneytoken,12191195.3907,5.15%,$0.001381
395,DAX,DAEX,12157167.4089,-2.20%,$0.032784
396,XYO,XYO Network,12144970.7084,-2.71%,$0.002611
397,DCC,Distributed C...,12062390.4212,3.25%,$0.008378
398,WPR,WePower,11997197.1466,-2.68%,$0.025040
399,SKB,Sakura Bloom,11978439.6582,3.64%,$0.004637
400,REPO,REPO,11923121.2933,2.82%,$0.108433
401,LYL,LoyalCoin,11885592.7831,2.32%,$0.002409
402,MET,Metronome,11882069.0267,-3.24%,$1.40
403,TNT,Tierion,11857966.1002,4.14%,$0.027674
404,LEO,LEOcoin,11849623.1632,-2.87%,$0.116466
405,ZPT,Zeepin,11803383.5895,3.42%,$0.023607
406,CPC,CPChain,11786487.0186,-2.90%,$0.031283
407,LOKI,Loki,11769785.9489,-2.64%,$0.420256
408,HYDRO,Hydro,11738359.3152,5.25%,$0.004014
409,NEU,Neumark,11623852.1875,21.53%,$0.404364
410,QRL,Quantum Resis...,11521095.8512,-1.99%,$0.221560
411,DBET,DecentBet,11286609.6066,6.55%,$0.086421
412,MOBI,Mobius,11284343.8617,4.47%,$0.029232
413,PHX,Red Pulse Pho...,11248972.6228,3.23%,$0.013560
414,INS,INS Ecosystem,11108405.8758,-2.05%,$0.366603
415,CPT,Cryptaur,11107798.1289,-6.41%,$0.001535
416,COV,Covesting,11058584.3157,-1.39%,$0.631919
417,LGO,LGO Exchange,11049654.9379,4.97%,$0.086760
418,BITUSD,bitUSD,10841405.2838,-0.50%,$1.01
419,LINDA,Linda,10763302.5945,-2.67%,$0.001190
420,NLG,Gulden,10709201.1514,0.11%,$0.025825
421,COB,Cobinhood,10660946.3569,4.00%,$0.028431
422,SCRL,SCRL,10515324.0617,3.42%,$0.073877
423,AURA,Aurora DAO,10479880.9117,-2.00%,$0.075281
424,RFR,Refereum,10452083.6503,-0.66%,$0.004382
425,CDT,Blox,10399121.837,-0.36%,$0.015450
426,XLQ,ALQO,10279855.3017,6.10%,$0.180372
427,TERN,Ternio,10276879.6628,11.06%,$0.025113
428,CBC,Cashbery Coin,10250955.0657,-2.92%,$1.81
429,MLM,MktCoin,10100909.9192,-6.63%,$0.008619
430,HVN,Hive Project,9950159.33456,0.30%,$0.026534
431,CREDO,Credo,9887129.92764,-55.48%,$0.017980
432,BTN,BitNewChain,9823424.08176,5.70%,$0.054665
433,DCT,DECENT,9806671.58536,3.01%,$0.191141
434,BWK,Bulwark,9755977.82611,-0.13%,$0.810897
435,SOAR,Soarcoin,9747440.10484,5.05%,$0.009058
436,DPY,Delphy,9717679.80478,3.08%,$0.208993
437,MED,MediBloc [QRC20],9675679.64787,2.16%,$0.003262
438,CFI,Cofound.it,9672432.56684,1.83%,$0.029761
439,AEON,Aeon,9671244.35605,-1.75%,$0.610888
440,EDR,E-Dinar Coin,9665178.24787,1.56%,$0.010906
441,FTC,Feathercoin,9641195.39232,0.01%,$0.045185
442,INK,Ink,9588840.42366,1.88%,$0.020670
443,WABI,WaBi,9565427.44967,-3.09%,$0.211400
444,LBC,LBRY Credits,9556230.29148,-0.65%,$0.049643
445,INT,Internet Node...,9512924.21849,1.58%,$0.030979
446,GIN,GINcoin,9436277.90196,-0.11%,$2.83
447,MVL,Mass Vehicle ...,9407242.47528,-2.79%,$0.001933
448,ATN,ATN,9290347.49892,4.98%,$0.110202
449,XRL,Rialto,9260603.43981,1.93%,$0.113010
450,LBA,Cred,9243663.6439,2.40%,$0.029516
451,BITG,Bitcoin Green,9195646.51544,1.95%,$1.78
452,TKN,TokenCard,9130895.51669,0.57%,$0.376950
453,IHT,IHT Real Esta...,9077208.9868,-0.89%,$0.016839
454,KICK,KickCoin,8956754.55156,4.14%,$0.017063
455,QBIT,Qubitica,8951279.88528,3.35%,$3.61
456,NKN,NKN,8901198.49981,-6.57%,$0.047533
457,BOX,ContentBox,8862017.28597,-1.12%,$0.014399
458,XSN,Stakenet,8851857.89997,-9.71%,$0.120850
459,NANJ,NANJCOIN,8816106.68604,9.26%,$0.000455
460,PURA,Pura,8766812.00177,-2.93%,$0.050209
461,XCP,Counterparty,8765178.78502,-2.13%,$3.35
462,TRAC,OriginTrail,8758774.46774,3.29%,$0.031513
463,FUEL,Etherparty,8748977.33657,-4.22%,$0.016619
464,UTNP,Universa,8679004.11521,0.16%,$0.004694
465,BITB,Bean Cash,8654628.8373,15.35%,$0.003305
466,MDA,Moeda Loyalty...,8650274.26453,-1.51%,$0.440691
467,EXC,Eximchain,8492626.5773,0.31%,$0.126179
468,DMT,DMarket,8423627.647,0.39%,$0.167748
469,MSP,Mothership,8412236.69066,2.14%,$0.060087
470,SWFTC,SwftCoin,8384687.26477,2.47%,$0.002303
471,ADT,adToken,8360061.92964,2.91%,$0.013933
472,UCASH,UNIVERSAL CASH,8325327.78641,4.61%,$0.001002
473,LUN,Lunyr,8235967.79783,11.32%,$3.58
474,VITAE,Vitae,8235504.10289,-2.13%,$1.05
475,BBR,Boolberry,8227625.20551,-0.93%,$0.678777
476,COSS,COSS,8196447.86963,2.10%,$0.068988
477,DIM,DIMCOIN,8115397.48566,-0.62%,$0.003860
478,SHIFT,Shift,8101273.56145,-0.58%,$0.650182
479,SLT,Smartlands,8036733.62937,1.02%,$1.58
480,DOCK,Dock,8025483.44644,2.16%,$0.018775
481,TRIG,Triggers,8021344.4404,0.88%,$0.249843
482,YOYOW,YOYOW,7871604.68473,1.20%,$0.026972
483,BBC,TraDove B2BCoin,7849439.1387,11.08%,$0.015699
484,ARB,ARBITRAGE,7818897.75968,-5.55%,$1.79
485,CPX,Apex,7788941.40481,5.09%,$0.017705
486,EKT,EDUCare,7761007.79968,-0.10%,$0.017247
487,XTO,Tao,7719149.34891,-24.64%,$0.232341
488,CNN,Content Neutr...,7672675.30716,0.30%,$0.000446
489,MOON,Mooncoin,7635450.43905,-2.30%,$0.000034
490,EVX,Everex,7623977.04342,2.12%,$0.462059
491,RVR,RevolutionVR,7622710.19418,3.61%,$0.036299
492,MWAT,Restart Energ...,7514190.20904,2.09%,$0.016597
493,BCPT,BlockMason Cr...,7430652.48675,-4.80%,$0.099276
494,PLBT,Polybius,7427887.01943,1.39%,$1.87
495,PHR,Phore,7415753.43487,-9.40%,$0.504852
496,HOT,Hydro Protocol,7360430.87726,0.03%,$0.010485
497,HTML,HTMLCOIN,7353431.32211,-8.78%,$0.000139
498,MER,Mercury,7342864.08991,0.16%,$0.073429
499,SPC,SpaceChain,7283077.41143,8.99%,$0.014142
500,OPTI,OptiToken,7281083.61734,1.29%,$0.310758
501,DOV,Dovu,7151952.45591,-0.13%,$0.017989
502,CAS,Cashaa,7131442.81837,1.95%,$0.013958
503,WAB,WABnetwork,7084297.04249,-12.04%,$0.000792
504,ZRC,ZrCoin,7021630.14595,0.29%,$1.80
505,BBK,Brickblock,6991347.97805,29.88%,$0.098302
506,TUBE,BitTube,6982186.36586,3.19%,$0.075605
507,MOT,Olympus Labs,6959850.35544,0.77%,$0.181615
508,VIB,Viberate,6927595.64334,2.91%,$0.039609
509,HLC,HalalChain,6877631.87698,-0.05%,$0.023340
510,CHSB,SwissBorg,6859705.56292,3.78%,$0.011913
511,COLX,ColossusXT,6748360.08536,-4.10%,$0.000621
512,THC,HempCoin,6713632.27637,1.13%,$0.027495
513,DAG,Constellation,6681703.50751,-1.76%,$0.010527
514,DMD,Diamond,6677695.97251,-1.96%,$2.26
515,PEPECASH,Pepe Cash,6595195.67158,-0.60%,$0.009396
516,NVC,Novacoin,6554384.65278,29.67%,$2.99
517,EBC,EBCoin,6550770.59807,-0.31%,$0.001862
518,TIX,Blocktix,6529475.40916,1.47%,$0.163237
519,MLN,Melon,6494545.55426,-0.27%,$10.84
520,YEE,YEE,6473736.92946,-0.10%,$0.004742
521,AMP,Synereo,6469703.28378,0.12%,$0.064229
522,BCA,Bitcoin Atom,6455859.5254,1.00%,$0.353741
523,B2B,B2BX,6411018.1705,2.81%,$0.389973
524,NCT,PolySwarm,6391917.52481,-0.30%,$0.004133
525,RMC,Russian Miner...,6357074.3388,7.74%,$4218.36
526,MTH,Monetha,6356815.41676,-9.30%,$0.029163
527,ZCO,Zebi,6312518.8598,-0.02%,$0.012625
528,FOTA,Fortuna,6298641.60242,1.59%,$0.013774
529,BZNT,Bezant,6268821.69575,-1.74%,$0.015421
530,ZPR,ZPER,6267044.76267,5.12%,$0.005506
531,BMC,Blackmoon,6237238.80241,0.17%,$0.284577
532,PRO,Propy,6222254.84022,0.12%,$0.318996
533,LET,LinkEye,6187137.82176,16.79%,$0.010312
534,BTT,Blocktrade,6168857.90436,44.47%,$0.107094
535,FLASH,Flash,6149649.89254,-0.22%,$0.006833
536,LNC,Linker Coin,6114420.23106,13.01%,$0.054217
537,ABL,Airbloc,6113729.70748,5.84%,$0.037553
538,DADI,DADI,6080074.37907,0.66%,$0.081558
539,SPD,SPINDLE,6077802.92112,-17.87%,$0.001433
540,CRW,Crown,6069835.33709,-3.73%,$0.299309
541,BKX,Bankex,6036177.6588,1.52%,$0.075072
542,HMC,Hi Mutual Soc...,5995169.36624,-0.19%,$0.014836
543,NPW,New Power Coin,5993926.92243,1.42%,$0.444169
544,TAU,Lamden,5971881.83655,4.05%,$0.041992
545,BLK,BlackCoin,5943629.51958,-1.96%,$0.080274
546,ROCK2,ICE ROCK MINING,5908160.56273,4.41%,$0.376381
547,BANCA,Banca,5862098.97841,30.86%,$0.000327
548,DLT,Agrello,5848316.89137,-1.68%,$0.068020
549,LA,LATOKEN,5835490.30223,1.21%,$0.072010
550,MOC,Moss Coin,5797081.94389,0.10%,$0.034318
551,DEV,DeviantCoin,5771148.81286,2.68%,$0.506074
552,POT,PotCoin,5757024.79345,0.18%,$0.026078
553,PAT,Patron,5703811.92075,4.77%,$0.024132
554,IVY,Ivy,5654115.6715,-3.13%,$0.018791
555,HMQ,Humaniq,5633385.33105,2.00%,$0.030404
556,SEN,Consensus,5632622.07979,5.82%,$0.003510
557,GET,GET Protocol,5607092.0853,-2.55%,$0.492357
558,PRL,Oyster,5600535.8598,2.35%,$0.065914
559,1ST,FirstBlood,5593831.06042,-0.85%,$0.065380
560,DAT,Datum,5588667.26243,1.01%,$0.006171
561,RMT,SureRemit,5521288.8251,-13.52%,$0.011043
562,RBY,Rubycoin,5499095.53013,-1.17%,$0.210575
563,CAG,Change,5387956.50008,6.21%,$0.145189
564,XP,Experience Po...,5359638.96765,6.28%,$0.000022
565,ONION,DeepOnion,5281763.12303,1.75%,$0.331840
566,BIS,Bismuth,5253842.50387,3.23%,$0.411192
567,QUN,QunQun,5239746.88817,0.09%,$0.007368
568,UPP,Sentinel Prot...,5215203.95291,-1.30%,$0.025710
569,FNKOS,FNKOS,5202871.52759,-12.33%,$0.037758
570,DIME,Dimecoin,5195466.20371,3.05%,$0.000010
571,XDCE,XinFin Network,5140951.26685,-0.54%,$0.001349
572,XEL,Elastic,5097733.53648,0.72%,$0.055606
573,OCT,OracleChain,5085798.26265,4.68%,$0.169527
574,HAV,Havven,5064723.2314,-4.16%,$0.079311
575,AXPR,aXpire,5053612.67608,2.72%,$0.019070
576,TFD,TE-FOOD,5023205.4211,-0.66%,$0.010095
577,LCS,LocalCoinSwap,4996247.00792,1.63%,$0.124832
578,PRA,ProChain,4980873.4141,0.41%,$0.100496
579,VIPS,Vipstar Coin,4957532.12686,-10.64%,$0.000463
580,EVN,Envion,4951764.06576,1.61%,$0.044463
581,CLAM,Clams,4950322.77824,-0.14%,$1.53
582,FTI,FansTime,4949796.69481,-1.80%,$0.001737
583,XMY,Myriad,4895719.66632,4.61%,$0.003044
584,CARD,Cardstack,4865949.44812,7.68%,$0.002018
585,XSPEC,Spectrecoin,4856103.88419,-4.90%,$0.233632
586,CV,carVertical,4848236.73435,-4.59%,$0.000795
587,PPY,Peerplays,4810517.86408,-15.99%,$1.07
588,XPA,XPA,4801958.35184,3.96%,$0.083983
589,GRC,GridCoin,4779509.2793,-35.26%,$0.012245
590,INCNT,Incent,4766074.15866,-1.77%,$0.103573
591,BPT,Blockport,4763286.18406,3.48%,$0.090093
592,ZCN,0chain,4760953.45812,-8.97%,$0.119024
593,ERO,Eroscoin,4750409.77202,-2.23%,$0.025438
594,CLO,Callisto Network,4741884.27219,13.72%,$0.006813
595,BET,DAO.Casino,4722116.53897,-6.63%,$0.028230
596,UKG,Unikoin Gold,4718362.29675,-0.52%,$0.033352
597,ARN,Aeron,4699947.35857,-4.27%,$0.361534
598,UGC,ugChain,4680436.79411,-1.61%,$0.008228
599,OAX,OAX,4663360.91968,-1.47%,$0.186465
600,NPX,NaPoleonX,4651387.47306,-0.63%,$0.183632
601,LOC,LockTrip,4627862.0858,1.63%,$0.497996
602,CAPP,Cappasity,4577147.27579,7.58%,$0.009226
603,KRM,Karma,4572196.02248,1.22%,$0.002565
604,MGD,MassGrid,4560042.06695,-3.08%,$0.089435
605,MOZO,Mozo Token,4554125.17334,0.71%,$0.006017
606,TMT,TRAXIA,4547523.28851,0.88%,$0.009272
607,TIC,Thingschain,4536468.72468,-4.42%,$0.000396
608,STK,STK,4499472.36039,1.76%,$0.013163
609,IOC,I/O Coin,4491662.54793,0.96%,$0.264475
610,ANC,Anoncoin,4490258.78481,2.32%,$2.13
611,DACS,DACSEE,4411620.97742,-4.60%,$0.005986
612,BLT,Bloom,4394886.42523,7.54%,$0.091825
613,REM,Remme,4385027.35866,2.92%,$0.007292
614,VEX,Vexanium,4371511.3776,7.06%,$0.014485
615,RISE,Rise,4349768.83945,-39.95%,$0.033622
616,ZSC,Zeusshield,4332184.12594,1.71%,$0.003757
617,NMR,Numeraire,4319741.81319,1.83%,$3.20
618,STX,Stox,4313208.04881,1.96%,$0.089065
619,PND,Pandacoin,4303797.12821,2.26%,$0.000132
620,XES,Proxeus,4290387.71729,-1.78%,$0.021110
621,SNC,SunContract,4279443.53785,-0.06%,$0.035690
622,UP,UpToken,4270080.25461,1.85%,$0.029224
623,ORME,Ormeus Coin,4260191.91171,1.65%,$0.250168
624,XAUR,Xaurum,4250969.28377,2.83%,$0.037853
625,UT,Ulord,4250233.984,0.29%,$0.145579
626,BOXX,BOXX Token [B...,4229506.19185,-5.32%,$0.187137
627,SKM,Skrumble Network,4216180.82738,4.43%,$0.005926
628,PCH,POPCHAIN,4203946.13191,1.11%,$0.012555
629,EGT,Egretia,4201267.43497,1.61%,$0.001430
630,RADS,Radium,4194088.17743,4.26%,$1.18
631,MTN,Medicalchain,4192542.37638,0.64%,$0.022662
632,HPC,Happycoin,4183178.97784,4.78%,$0.260633
633,DXT,Datawallet,4171498.88832,6.08%,$0.010690
634,SWM,Swarm,4159612.5875,-1.64%,$0.081380
635,NOKU,Noku,4144165.73066,-1.65%,$0.300438
636,FLO,FLO,4138063.52256,2.84%,$0.028167
637,TAAS,TaaS,4132188.95494,-3.72%,$0.507266
638,PIRL,Pirl,4115721.4111,35.66%,$0.156238
639,GSC,Global Social...,4112711.84841,2.45%,$0.009483
640,ELEC,Electrify.Asia,4104015.18896,1.26%,$0.009164
641,NTK,Neurotoken,4096693.16049,-3.73%,$0.051918
642,OMX,Shivom,4082324.11408,-4.68%,$0.006716
643,MUSIC,Musicoin,4074285.32202,1.85%,$0.003769
644,DTB,Databits,4069972.94773,21.95%,$0.178917
645,ALI,AiLink Token,4068425.21903,1.52%,$0.002414
646,OMNI,Omni,4064117.43611,-1.19%,$7.24
647,AIDOC,AI Doctor,4060469.91011,1.86%,$0.009159
648,SENT,Sentinel,3936295.83261,1.41%,$0.001968
649,TTT,TrustNote,3931568.19092,4.07%,$0.012682
650,BRM,BrahmaOS,3878120.92773,-3.24%,$0.006262
651,EXRN,EXRNchain,3874815.87973,-11.82%,$0.000042
652,NYC,NewYorkCoin,3864284.48522,-6.47%,$0.000029
653,MUE,MonetaryUnit,3816660.01682,-0.38%,$0.027109
654,HST,Decision Token,3814131.58314,-0.72%,$0.119095
655,DICE,Etheroll,3812125.65835,-7.09%,$0.544463
656,SWTH,Switcheo,3806032.55196,-3.01%,$0.007282
657,GRFT,Graft,3778380.59697,-0.37%,$0.009314
658,TNC,Trinity Netwo...,3741289.13829,3.32%,$0.011224
659,CCCX,Clipper Coin,3723417.49515,4.72%,$0.002367
660,EXP,Expanse,3719460.82666,-3.70%,$0.354394
661,LPC,Lightpaycoin,3702465.88664,0.49%,$1.28
662,BBN,Banyan Network,3672616.2284,-4.48%,$0.007782
663,AUR,Auroracoin,3659764.41038,-3.08%,$0.323057
664,CZR,CanonChain,3652804.18922,7.12%,$0.007987
665,XSH,SHIELD,3650179.92154,3.15%,$0.007116
666,BOB,Bob's Repair,3646707.19358,2.52%,$0.046582
667,GUP,Matchpool,3627039.25665,0.67%,$0.048361
668,SEM,Semux,3619367.23917,-19.52%,$0.448086
669,UUU,U Network,3554145.05581,-2.74%,$0.000602
670,IXT,IXT,3553933.06246,-6.74%,$0.099331
671,LUX,LUXCoin,3548068.56747,2.43%,$1.37
672,TIME,Chronobank,3543694.38767,6.36%,$4.99
673,BOT,Bodhi,3532739.24341,-3.57%,$0.088318
674,BMX,BitMart Token,3531507.62909,6.79%,$0.030269
675,NBC,Niobium Coin,3515771.68146,0.78%,$0.073328
676,SLR,SolarCoin,3512289.6708,-1.84%,$0.074450
677,VRC,VeriCoin,3491311.02865,-0.61%,$0.111698
678,MRK,MARK.SPACE,3477171.10452,-2.66%,$0.007194
679,POLIS,Polis,3465810.15293,4.39%,$0.893741
680,RET,RealTract,3456759.4969,1.71%,$0.000346
681,DRT,DomRaider,3442229.12722,3.33%,$0.005819
682,AC3,AC3,3433223.56167,0.10%,$0.049868
683,ATMI,Atonomi,3416615.29918,-2.29%,$0.006761
684,GEN,DAOstack,3415174.88506,1.23%,$0.089212
685,ADST,AdShares,3409622.08597,1.96%,$0.175943
686,DATX,DATx,3394105.15298,3.57%,$0.002440
687,OXY,Oxycoin,3377558.49039,-14.13%,$0.030121
688,SSC,SelfSell,3361113.99331,2.24%,$0.008618
689,RNTB,BitRent,3316993.80731,-5.59%,$0.003941
690,CBC,CashBet Coin,3307171.2977,-1.96%,$0.025686
691,SRCOIN,SRCOIN,3283736.81306,-0.31%,$0.000650
692,ECOM,Omnitude,3274404.62822,-3.49%,$0.067047
693,CHP,CoinPoker,3260465.07782,-1.56%,$0.010337
694,ETK,EnergiToken,3259283.58553,-2.17%,$0.002392
695,UQC,Uquid Coin,3232663.54639,26.33%,$0.323266
696,TFL,TrueFlip,3230949.6183,8.64%,$0.517178
697,BZ,Bit-Z Token,3218527.70567,0.00%,$0.112432
698,GOT,GoNetwork,3214298.93702,0.60%,$0.058445
699,XNK,Ink Protocol,3198092.3819,3.77%,$0.016737
700,THR,ThoreCoin,3171691.90292,3.55%,$36.93
701,ZMN,ZMINE,3171192.8996,-2.16%,$0.023336
702,IFT,InvestFeed,3170557.63172,0.94%,$0.016567
703,EXY,Experty,3159553.96346,1.82%,$0.116639
704,NBAI,Nebula AI,3159190.4762,5.81%,$0.002717
705,UQC,Uquid Coin,3156062.1133,23.33%,$0.315606
706,NLC2,NoLimitCoin,3136546.04695,-3.13%,$0.014955
707,NOTE,DNotes,3115624.62933,-0.62%,$0.023071
708,OLT,OneLedger,3069487.36493,-1.74%,$0.007659
709,DNA,EncrypGen,3023536.75116,-3.76%,$0.048626
710,BSD,BitSend,3017869.97571,3.57%,$0.146009
711,VIN,VINchain,3004154.4639,2.32%,$0.006257
712,MRPH,Morpheus.Network,3003144.6024,-1.73%,$0.119894
713,TIPS,FedoraCoin,2996263.00844,-3.78%,$0.000014
714,RMESH,RightMesh,2994658.00323,-8.34%,$0.053211
715,SHND,StrongHands,2988073.10234,-1.39%,$1.9e-07
716,PRG,Paragon,2937358.36666,-1.37%,$0.044548
717,DIVX,Divi,2935977.76046,-2.20%,$1.15
718,SNTR,Silent Notary,2935225.12864,6.82%,$0.000035
719,LGS,LogisCoin,2923786.88162,17.27%,$8.26
720,DOT,Dotcoin,2914177.1986,1.62%,$0.009340
721,UCN,UChain,2890454.43872,-4.18%,$0.010735
722,RVT,Rivetz,2882655.65623,-4.03%,$0.109839
723,CXO,CargoX,2836497.10651,0.32%,$0.021976
724,QRK,Quark,2822749.1186,-8.44%,$0.011000
725,NIM,Nimiq,2793265.98238,-4.41%,$0.001292
726,SIC,Swisscoin,2787891.51137,0.91%,$0.000331
727,TOA,ToaCoin,2748817.58377,4.01%,$0.001049
728,COVAL,Circuits of V...,2716940.30938,6.09%,$0.002717
729,AIR,AirToken,2714989.35682,-6.83%,$0.002586
730,HKN,Hacken,2707976.0019,16.18%,$0.505388
731,PARETO,Pareto Network,2700363.826,1.26%,$0.010296
732,DYN,Dynamic,2694042.77552,1.47%,$0.781725
733,APH,Aphelion,2693849.51494,-7.10%,$0.053877
734,SIB,SIBCoin,2687266.07898,-1.87%,$0.157660
735,IDH,indaHash,2676760.05567,-2.64%,$0.006693
736,OLE,Olive,2669538.08441,2.38%,$0.009637
737,TSL,Energo,2665145.93632,2.88%,$0.004424
738,MDT,Measurable Da...,2657526.62904,1.57%,$0.006454
739,DEB,Debitum,2655709.41026,-3.11%,$0.013658
740,DAV,DAV Coin,2652187.19161,6.04%,$0.005834
741,SXUT,Spectre.ai Ut...,2646956.2843,-9.92%,$0.107909
742,LIF,Winding Tree,2641060.54437,9.05%,$0.131717
743,PLU,Pluton,2636304.34303,9.11%,$3.10
744,BEZ,Bezop,2592829.20673,-2.96%,$0.051375
745,AAC,Acute Angle C...,2589573.21365,-0.07%,$0.010358
746,HER,HeroNode,2588001.39678,-2.64%,$0.002730
747,OTN,Open Trading ...,2585034.89655,12.18%,$1.28
748,FORK,Forkcoin,2567118.55405,11.92%,$0.532925
749,DGX,Digix Gold Token,2554640.97058,-6.72%,$41.08
750,XLR,Solaris,2547299.80736,5.98%,$1.67
751,TRC,Terracoin,2536001.95994,3.26%,$0.110572
752,OK,OKCash,2529022.0428,-0.36%,$0.034084
753,ELIX,Elixir,2512043.53143,8.37%,$0.077402
754,ABYSS,The Abyss,2496742.84205,-3.08%,$0.011261
755,QBT,Qbao,2472016.2162,-3.02%,$0.037827
756,PTOY,Patientory,2465366.45318,2.48%,$0.035220
757,FOOD,FoodCoin,2457040.0706,0.34%,$0.006161
758,SSP,Smartshare,2453365.62876,10.10%,$0.000691
759,CRBT,Cruisebit,2449240.21539,-0.80%,$0.095703
760,SHP,Sharpe Platfo...,2430105.56306,4.55%,$0.141449
761,PKC,PikcioChain,2411964.3583,-5.92%,$0.057068
762,AID,AidCoin,2397149.86363,1.17%,$0.057142
763,SVD,savedroid,2382903.23378,-7.04%,$0.000886
764,BCY,Bitcrystals,2378621.17232,0.57%,$0.102724
765,GBX,GoByte,2366331.67026,0.12%,$0.908646
766,KNT,Kora Network ...,2359882.52214,1.92%,$0.007866
767,MVP,Merculet,2354243.82828,4.89%,$0.000763
768,C2C,C2C System,2345619.91236,-21.15%,$0.007820
769,DTH,Dether,2334150.68115,-0.97%,$0.027920
770,LND,Lendingblock,2327180.89183,20.98%,$0.003913
771,XMX,XMax,2325740.38984,1.56%,$0.000328
772,CVN,CVCoin,2319157.05074,3.26%,$0.187317
773,SWT,Swarm City,2309436.43617,1.74%,$0.277848
774,CAN,CanYaCoin,2307193.55035,6.85%,$0.052984
775,RTE,Rate3,2303393.46973,1.43%,$0.005369
776,ABY,ArtByte,2301172.42206,7.39%,$0.002904
777,FDZ,Friendz,2299549.7679,6.02%,$0.004566
778,AVT,Aventus,2283708.65706,-5.05%,$0.380618
779,FACE,Faceter,2277935.26228,-0.86%,$0.004852
780,CURE,Curecoin,2265196.29955,-5.10%,$0.094774
781,FLP,FLIP,2264112.8362,0.76%,$0.040463
782,NIO,Autonio,2258480.0469,42.69%,$0.030132
783,ADB,adbank,2252438.82606,-1.35%,$0.003850
784,PINK,PinkCoin,2236287.03276,5.04%,$0.005765
785,GOLOS,Golos,2235921.73889,-37.75%,$0.017956
786,EKO,EchoLink,2219425.51713,-0.89%,$0.005953
787,IPL,VouchForMe,2214224.66286,-3.29%,$0.011016
788,SOUL,Phantasma,2193506.6117,0.53%,$0.037603
789,REBL,REBL,2180505.71743,10.76%,$0.012723
790,CEEK,CEEK VR,2157451.79552,1.07%,$0.005208
791,COFI,CoinFi,2139399.34253,0.06%,$0.012278
792,BERRY,Rentberry,2114853.84323,-2.28%,$0.007016
793,AVINOC,AVINOC,2109770.15681,19.97%,$0.005711
794,REAL,REAL,2096695.39787,3.42%,$0.208506
795,1WO,1World,2090883.25742,-13.18%,$0.101075
796,NCC,NeuroChain,2090647.99147,-3.67%,$0.013396
797,CPC,Capricoin,2066042.32381,-0.34%,$1.04
798,AIT,AICHAIN,2062453.69321,-3.76%,$0.003855
799,LEDU,Education Eco...,2060203.33445,-8.05%,$0.009460
800,UBT,Unibright,2053837.29505,2.92%,$0.014826
801,DBIX,DubaiCoin,2047961.76416,6.92%,$0.917175
802,TKS,Tokes,2036383.97711,-0.18%,$0.595068
803,GCC,Global Crypto...,2032789.74927,6.80%,$0.001313
804,LMC,LoMoCoin,2026414.67439,9.72%,$0.008276
805,FLIXX,Flixxo,2025613.38257,5.72%,$0.025359
806,ENRG,Energycoin,2012624.76958,-2.19%,$0.016464
807,SS,Sharder,1998976.90588,-0.28%,$0.007056
808,XHV,Haven Protocol,1997590.4708,0.11%,$0.396712
809,ALX,ALAX,1990023.43915,0.16%,$0.005934
810,ATM,ATMChain,1982356.61298,38.28%,$0.000425
811,XAP,Apollon,1979838.50497,-5.03%,$0.017556
812,ADH,AdHive,1977866.61503,1.06%,$0.017672
813,INXT,Internxt,1970348.25035,-17.27%,$3.13
814,BDG,BitDegree,1969890.2163,-6.46%,$0.005544
815,ALIS,ALIS,1968116.65155,0.24%,$0.050559
816,XTL,Stellite,1965178.55756,0.85%,$0.000331
817,TRST,WeTrust,1960960.22139,0.17%,$0.021281
818,RLX,Relex,1960250.81011,6.38%,$0.001814
819,IDXM,IDEX Membership,1959019.34377,1.89%,$979.51
820,AVA,Travala,1957646.2636,-9.19%,$0.067096
821,EFX,Effect.AI,1951621.52449,-5.74%,$0.009443
822,CLN,Colu Local Ne...,1945695.47245,-0.18%,$0.016427
823,STA,Starta,1940444.49436,77.62%,$0.373161
824,PAL,Pal Network,1939700.35117,3.25%,$0.004700
825,FLDC,FoldingCoin,1932740.78221,1.26%,$0.002909
826,X8X,X8X Token,1927350.97466,-3.73%,$0.031335
827,2GIVE,2GIVE,1912670.48433,3.12%,$0.003676
828,GEO,GeoCoin,1907335.51175,-1.34%,$0.601508
829,ART,Maecenas,1890093.99925,-19.82%,$0.048110
830,CBT,CommerceBlock,1883699.9774,16.06%,$0.010872
831,ACAT,Alphacat,1868021.01725,0.89%,$0.000669
832,YOC,Yocoin,1847560.73596,-8.89%,$0.016467
833,FREC,Freyrchain,1829123.8807,6.37%,$0.003658
834,ZAP,Zap,1821698.5191,18.06%,$0.014222
835,MTX,Matryx,1818547.97668,3.31%,$0.078304
836,CTC,Credit Tag Chain,1811817.57602,10.27%,$0.049174
837,INSTAR,Insights Network,1791206.44941,13.79%,$0.013305
838,BRX,Breakout Stake,1725302.61763,0.85%,$0.275252
839,J8T,JET8,1715130.64744,-1.65%,$0.003478
840,PCL,Peculium,1709501.34046,1.48%,$0.001635
841,PAYX,Paypex,1707355.09544,-7.89%,$0.024951
842,SCL,Sociall,1706154.94816,-2.85%,$0.102079
843,PKT,Playkey,1703143.93734,0.83%,$0.124942
844,AMLT,AMLT,1698820.49331,-2.23%,$0.020100
845,MTC,MTC Mesh Network,1695219.77416,2.41%,$0.005891
846,NPER,NPER,1692591.06593,-1.02%,$0.033901
847,NEOS,NeosCoin,1675335.32931,-0.62%,$0.412514
848,BTCZ,BitcoinZ,1663377.56496,-4.94%,$0.000604
849,ERC,EuropeCoin,1656571.42942,4.80%,$0.163181
850,HXX,Hexx,1650438.91811,-0.50%,$0.929730
851,BEE,Bee Token,1647895.75363,-0.64%,$0.009420
852,CMCT,Crowd Machine,1640972.497,19.19%,$0.003490
853,ZOI,Zoin,1639836.08898,-10.77%,$0.088927
854,POLL,ClearPoll,1627340.52903,6.63%,$0.232478
855,0xBTC,0xBitcoin,1620651.34816,-1.60%,$0.522294
856,RED,RED,1614821.51198,-3.24%,$0.012422
857,LIKE,LikeCoin,1612993.17096,0.48%,$0.003406
858,SPRTS,Sprouts,1606261.86447,3.01%,$1e-07
859,GLD,GoldCoin,1604914.814,-0.16%,$0.038855
860,TRTT,Trittium,1597833.12853,-0.37%,$0.017192
861,QWARK,Qwark,1596898.04589,-3.64%,$0.023951
862,BLUE,Blue Protocol,1588666.96181,-2.50%,$0.043353
863,ATL,ATLANT,1587187.30458,-0.77%,$0.042266
864,DOW,DOWCOIN,1578417.47553,1.93%,$0.352880
865,EVE,Devery,1556234.64367,-11.82%,$0.024734
866,COIN,Coinvest,1552547.97487,-4.72%,$0.152687
867,LIFE,LIFE,1550661.32951,-42.24%,$0.000066
868,MSR,Masari,1543998.36005,3.79%,$0.203503
869,ZEL,ZelCash,1536968.1569,2.94%,$0.039559
870,OWN,OWNDATA,1531661.60539,-7.32%,$0.000616
871,BNTY,Bounty0x,1528719.96283,-1.42%,$0.008237
872,PIX,Lampix,1525468.95538,1.16%,$0.011273
873,AU,AurumCoin,1524433.34572,-10.19%,$5.11
874,IND,Indorse Token,1521258.85824,0.79%,$0.041012
875,KWATT,4NEW,1518495.01562,6.13%,$0.039936
876,HBZ,Helbiz,1505241.13501,1.34%,$0.002418
877,NKC,Nework,1501801.26256,2.35%,$0.010176
878,IOP,Internet of P...,1491308.39675,-2.80%,$0.298273
879,DERO,Dero,1477637.6524,7.17%,$0.356361
880,ESP,Espers,1475837.41945,-48.95%,$0.000066
881,BETR,BetterBetting,1470085.63215,4.06%,$0.008750
882,SPX,Sp8de,1465206.74737,0.69%,$0.000188
883,ETT,EncryptoTel [...,1458351.41976,5.35%,$0.023472
884,SNOV,Snovian.Space,1456635.98696,-3.97%,$0.003597
885,HB,HeartBout,1437685.0515,6.00%,$0.027027
886,NSD,Nasdacoin,1424836.49375,-1.34%,$0.078887
887,NRG,Energi,1421502.26522,-1.97%,$0.285915
888,SPF,SportyCo,1409784.7756,-2.37%,$0.026668
889,SENSE,Sense,1398913.51213,-5.46%,$0.005600
890,MIC,Mindexcoin,1391475.34764,-11.75%,$0.106816
891,SENC,Sentinel Chain,1389588.61532,4.08%,$0.007044
892,SEND,Social Send,1365253.86192,2.92%,$0.042565
893,DOPE,DopeCoin,1344859.57374,2.13%,$0.011510
894,RATING,DPRating,1337506.58472,2.30%,$0.000622
895,UFR,Upfiring,1331730.01438,5.62%,$0.068505
896,ARY,Block Array,1329046.12413,-3.43%,$0.019422
897,ZLA,Zilla,1322125.08999,0.21%,$0.032672
898,PRIX,Privatix,1320098.04437,4.01%,$1.12
899,SPHR,Sphere,1319659.75768,3.38%,$0.428052
900,ORS,Origin Sport,1318755.92713,1.09%,$0.027448
901,TRTL,Turtlecoin,1318656.83639,48.83%,$0.000053
902,BUZZ,BuzzCoin,1316851.47627,1.22%,$0.000066
903,TX,TransferCoin,1311106.40202,0.35%,$0.196417
904,LWF,Local World F...,1307687.4838,2.62%,$0.013414
905,NET,Nimiq Exchang...,1292218.53589,-3.14%,$0.123068
906,PFR,Payfair,1269023.07854,11.09%,$0.014259
907,FTX,FintruX Network,1266437.69815,1.05%,$0.014899
908,IPSX,IP Exchange,1262894.54497,1.69%,$0.001516
909,GAT,Gatcoin,1253344.98856,3.69%,$0.002365
910,MONK,Monkey Project,1252282.45346,-8.61%,$0.376816
911,CAT,BitClave,1247587.87392,4.32%,$0.002488
912,PTC,Pesetacoin,1244453.05687,-6.52%,$0.009160
913,ONG,SoMee.Social,1239096.66585,,$0.033879
914,ONL,On.Live,1235828.03681,10.16%,$0.061194
915,VIT,Vice Industry...,1230153.01412,-3.31%,$0.004283
916,RCT,RealChain,1221694.94394,4.80%,$0.003812
917,HWC,HollyWoodCoin,1220755.15007,-26.42%,$0.132229
918,CST,Cryptosolartech,1209742.01861,-22.20%,$0.018820
919,ZEST,ZEST,1198710.96007,3.79%,$0.545510
920,TRF,Travelflex,1183367.12133,-9.59%,$0.015003
921,USNBT,NuBits,1178191.07838,0.20%,$0.107287
922,PBL,Publica,1177801.1803,-2.10%,$0.063381
923,LATX,LatiumX,1173297.93614,-19.04%,$0.011823
924,VRM,VeriumReserve,1171893.09357,-2.26%,$0.645475
925,TAC,Traceability ...,1169816.32592,5.00%,$0.006124
926,LALA,LALA World,1159746.36547,1.11%,$0.006045
927,ENGT,Engagement Token,1146503.59515,-7.03%,$0.002761
928,SHL,Oyster Shell,1146239.7187,1.03%,$0.013534
929,HUC,HunterCoin,1144745.83903,0.67%,$0.048176
930,GPKR,Gold Poker,1139508.0198,-1.43%,$1.06
931,PUT,Profile Utili...,1125692.15425,5.99%,$0.024855
932,CDM,Condominium,1120250.77843,-9.41%,$0.002156
933,CRED,Verify,1117023.86672,1.05%,$0.082688
934,WEB,Webcoin,1111553.98196,0.47%,$0.034104
935,PLAY,HEROcoin,1094797.89628,2.62%,$0.009142
936,EVC,EventChain,1093244.82499,-27.97%,$0.034983
937,UNIT,Universal Cur...,1087611.48853,0.37%,$0.071578
938,DNR,Denarius,1084095.18448,7.76%,$0.285169
939,XCLR,ClearCoin,1074991.26494,1.68%,$0.002036
940,CYFM,CyberFM,1070475.63777,-5.02%,$0.000017
941,HYP,HyperStake,1069973.5041,-7.04%,$0.000791
942,ARG,Argentum,1065715.07281,-10.58%,$0.103707
943,VULC,VULCANO,1056564.57126,22.29%,$0.010550
944,CANN,CannabisCoin,1053980.90631,1.00%,$0.013647
945,STAR,Starbase,1049816.7467,0.84%,$0.005599
946,ACRE,ACRE,1047071.13001,164.66%,$0.383224
947,BELA,Bela,1043715.25863,-1.42%,$0.027434
948,HQX,HOQU,1029150.04414,-1.09%,$0.006810
949,KORE,Kore,1027614.38723,0.37%,$0.508100
950,PENG,Penguin Coin,1027506.24483,4.53%,$0.000112
951,ATB,ATBCoin,998764.018947,5.49%,$0.023758
952,ZIPT,Zippie,995161.86432,3.89%,$0.004627
953,SYNX,Syndicate,992692.224625,1.54%,$0.050825
954,MRT,Miners' Rewar...,986583.400534,1.09%,$0.098658
955,NUSD,nUSD,972173.096453,-0.37%,$0.991095
956,BPL,Blockpool,964023.82906,,$0.043242
957,CHX,Own,960698.581551,6.91%,$0.016272
958,ARO,Arionum,960074.888278,4.08%,$0.012827
959,SPR,SpreadCoin,955189.19165,0.57%,$0.089432
960,MEME,Memetic / Pep...,952422.497014,0.73%,$0.040693
961,EBST,eBoost,938885.238892,13.34%,$0.046944
962,TIG,Tigereum,936545.117639,1.89%,$0.057921
963,EFL,e-Gulden,934520.789493,5.10%,$0.055108
964,EVN,EvenCoin,933291.540326,2.41%,$0.065166
965,SPD,Stipend,932982.951449,11.04%,$0.111674
966,WRC,Worldcore,928072.577331,3.18%,$0.005211
967,KRB,Karbo,927479.750498,-2.95%,$0.141896
968,OPT,Opus,926194.081802,8.44%,$0.006612
969,ZXC,0xcert,919399.318947,0.96%,$0.007995
970,SMS,Speed Mining ...,916600.043874,-2.30%,$8.76
971,NRVE,Narrative,892747.351856,-19.24%,$0.019024
972,SEXC,ShareX,888377.442579,4.61%,$0.001376
973,GENE,Parkgene,885310.125904,11.49%,$0.003165
974,OOT,Utrum,871783.594605,8.95%,$0.026907
975,MEDIC,MedicCoin,851722.705277,-8.00%,$0.003994
976,MITX,Morpheus Labs,844057.089068,9.18%,$0.004781
977,FKX,Knoxstertoken,843764.873705,-0.59%,$0.007710
978,STAC,StarterCoin,843713.181399,4.82%,$0.002988
979,VOISE,Voise,826912.957445,-0.95%,$0.001585
980,SKIN,SkinCoin,822891.764636,4.09%,$0.009332
981,LOCI,LOCIcoin,819595.961894,-2.58%,$0.020233
982,ACE,ACE (TokenStars),815306.407815,-4.55%,$0.069838
983,AUC,Auctus,813731.773593,3.11%,$0.047762
984,TGAME,Truegame,813087.845989,-0.34%,$0.009847
985,SUMO,Sumokoin,806563.311293,1.68%,$0.109757
986,THRT,Thrive Token,790711.437772,0.89%,$0.007763
987,CFUN,CFun,786501.7425,5.05%,$0.001832
988,TBX,Tokenbox,772182.291617,3.04%,$0.067732
989,DIT,Digital Insur...,767378.067821,1.52%,$0.003660
990,PHO,Photon,764505.2613,22.21%,$0.000031
991,MVC,Maverick Chain,756268.69971,-12.34%,$0.007207
992,BON,Bonpay,734833.034028,32.48%,$0.065085
993,ADC,AudioCoin,733103.933399,0.46%,$0.000791
994,BITS,Bitswift,726619.928028,-5.35%,$0.187050
995,BRK,Breakout,722923.239427,-4.49%,$0.038150
996,CCL,CYCLEAN,715108.639006,-7.32%,$0.007915
997,NAVI,Naviaddress,711057.409889,-4.86%,$0.002932
998,KEK,KekCoin,706427.557937,5.67%,$0.065920
999,ALT,Altcoin,703839.288939,0.94%,$5.71
1000,ING,Iungo,703738.233952,0.33%,$0.017593
1001,BTK,Bitcoin Token,694335.98851,2.71%,$0.000073
1002,FGC,FantasyGold,692013.697857,19.51%,$0.069419
1003,BOUTS,BoutsPro,691217.875138,8.77%,$0.009022
1004,ZER,Zero,689104.473737,-6.18%,$0.168469
1005,MNTP,GoldMint,688954.26828,4.25%,$0.359768
1006,NTRN,Neutron,688847.316495,21.09%,$0.018049
1007,HAND,ShowHand,687549.176294,1.85%,$0.000011
1008,FLOT,Fire Lotto,684634.670006,2.09%,$0.032791
1009,GIC,Giant,682285.67481,2.56%,$0.391949
1010,XSG,SnowGem,680162.482738,4.88%,$0.085322
1011,LDC,Leadcoin,662627.362879,-1.14%,$0.000845
1012,METM,MetaMorph,649812.431679,-3.45%,$0.012731
1013,KRL,Kryll,636576.360218,1.23%,$0.057899
1014,RYO,Ryo Currency,633136.853188,-10.69%,$0.108339
1015,XBI,Bitcoin Incog...,630611.963468,11.59%,$0.092000
1016,ORE,Galactrum,621204.704635,-5.03%,$0.276281
1017,SPN,Sapien,619394.167583,-3.87%,$0.003084
1018,TCC,The ChampCoin,611478.969191,-4.30%,$0.003708
1019,HORSE,Ethorse,611219.471631,-27.03%,$0.005771
1020,ELLA,Ellaism,608732.802169,0.25%,$0.049547
1021,FSBT,Forty Seven Bank,606281.856949,2.45%,$0.172753
1022,DAY,Chronologic,606128.33966,-19.64%,$0.789074
1023,RGS,RusGas,600227.68546,-8.47%,$0.000331
1024,808,808Coin,597293.749098,-79.58%,$0.000001
1025,DAN,Daneel,587523.33246,1.50%,$0.015653
1026,INV,Invacio,583841.021421,-4.36%,$0.017684
1027,XMG,Magi,577373.231599,-0.43%,$0.070893
1028,XBC,Bitcoin Plus,571590.726948,-5.19%,$4.99
1029,TRUST,TrustPlus,564325.194042,-4.07%,$0.017588
1030,TZC,TrezarCoin,556928.013439,0.47%,$0.005818
1031,AMM,MicroMoney,555410.652525,0.14%,$0.043992
1032,TKA,Tokia,551120.023811,7.40%,$0.013080
1033,FJC,FujiCoin,548733.090198,0.85%,$0.000330
1034,EBTC,eBitcoin,548711.745385,-1.62%,$0.029037
1035,AKA,Akroma,547317.678031,4.22%,$0.036696
1036,AIX,Aigang,547225.251684,0.64%,$0.026328
1037,KLKS,Kalkulus,535646.489294,-4.11%,$0.043893
1038,CRB,Creditbit,527010.340318,0.94%,$0.031571
1039,XCG,Xchange,525168.022789,1.39%,$0.233131
1040,PMNT,Paymon,524052.165575,-2.75%,$0.000857
1041,CL,Coinlancer,509157.191532,2.05%,$0.007205
1042,MFG,SyncFab,506534.868029,-2.05%,$0.003137
1043,REF,RefToken,506328.289521,-5.91%,$0.689887
1044,BBO,Bigbom,502592.009089,0.73%,$0.001579
1045,JOT,Jury.Online T...,499852.134848,-2.47%,$0.055540
1046,CMPCO,CampusCoin,498582.839607,-13.36%,$0.000999
1047,XBP,BlitzPredict,496799.473406,-1.60%,$0.001412
1048,OPC,OP Coin,491704.081823,-5.56%,$0.000265
1049,ADI,Aditus,475523.473694,0.84%,$0.002031
1050,TOLL,Bridge Protocol,473400.590552,-9.68%,$0.002075
1051,XMCC,Monoeci,472712.813709,6.38%,$0.060317
1052,PRJ,Project Coin,468574.510299,-3.12%,$0.536105
1053,FND,FundRequest,467195.117569,1.99%,$0.010788
1054,FYP,FlypMe,466498.513364,-19.00%,$0.026447
1055,NLX,Nullex,462997.912752,0.70%,$0.011439
1056,CREA,Creativecoin,462355.599944,-17.14%,$0.027902
1057,DOR,Dorado,450793.818837,20.79%,$0.001475
1058,PKG,PKG Token,449202.754397,-12.37%,$0.000050
1059,OCL,Oceanlab,447077.153421,-2.09%,$0.009615
1060,WSD,White Standard,446522.593557,0.85%,$1.01
1061,ADZ,Adzcoin,446371.288378,3.97%,$0.010086
1062,AMN,Amon,440738.853845,4.00%,$0.001603
1063,FOXT,Fox Trading,430518.501908,3.25%,$0.061240
1064,ZET,Zetacoin,428279.864436,-1.27%,$0.002539
1065,CRC,CryCash,424514.319566,4.77%,$0.092327
1066,EVI,Evimeria,420244.156598,-3.24%,$0.000027
1067,VIU,Viuly,416399.051693,-11.96%,$0.000476
1068,LOG,Woodcoin,414926.828232,-3.40%,$0.051639
1069,EZT,EZToken,414538.027647,-2.10%,$0.036031
1070,APR,APR Coin,409837.360423,7.04%,$0.098732
1071,UNB,UnbreakableCoin,409558.260956,0.29%,$0.179777
1072,KLN,Kolion,408313.571201,-1.56%,$0.582869
1073,INN,Innova,406919.527299,-4.92%,$0.089921
1074,HUR,Hurify,406515.20445,0.72%,$0.002113
1075,FTXT,FUTURAX,405573.443047,0.49%,$0.000119
1076,BEET,Beetle Coin,393209.79566,19.22%,$0.002568
1077,WAND,WandX,388449.619795,-7.31%,$0.031725
1078,BRIA,BriaCoin,383334.16706,-1.92%,$0.515629
1079,XPTX,PlatinumBAR,381362.437712,6.35%,$0.252382
1080,PTT,Proton Token,378039.018448,6.94%,$0.000195
1081,MXT,MarteXcoin,376836.093388,-14.88%,$0.121909
1082,SUR,Suretly,373311.719393,-2.49%,$1.68
1083,BEN,BitCoen,369876.863061,-0.48%,$0.052840
1084,LIVE,Live Stars,369485.425539,-17.14%,$0.009302
1085,EGEM,EtherGem,364513.790252,-8.74%,$0.036962
1086,EQL,Equal,359303.225531,-11.33%,$0.000932
1087,PYLNT,Pylon Network,355883.733763,1.74%,$0.911909
1088,TEAM,TEAM (TokenSt...,354817.489137,-4.05%,$0.033591
1089,ZINC,ZINC,351027.764886,-3.48%,$0.067393
1090,CYMT,CyberMusic,348675.49013,-1.79%,$0.000024
1091,MAO,Mao Zedong,345139.029407,0.69%,$0.054879
1092,RUPX,Rupaya,338128.925413,-8.98%,$0.009026
1093,BIT,BitRewards,333090.835606,2.65%,$0.001223
1094,NTK,NetKoin,329939.338889,-10.34%,$0.000085
1095,SCT,Soma,327768.67676,63.50%,$0.049159
1096,IC,Ignition,326478.56155,-5.27%,$0.347197
1097,BNC0,Bionic,315266.549262,0.20%,$0.000588
1098,V,Version,311242.030581,-22.39%,$0.000595
1099,QNO,QYNO,305263.195892,10.64%,$0.072731
1100,QNO,QYNO,305947.226353,10.89%,$0.072894
1101,IG,IGToken,303075.737973,35.77%,$0.000174
1102,BTW,BitWhite,302930.301942,-0.47%,$0.008339
1103,VIVO,VIVO,302637.566138,-7.44%,$0.108495
1104,XGOX,XGOX,298004.876704,1.56%,$0.000125
1105,STU,bitJob,294112.228814,1.69%,$0.006122
1106,LNC,Blocklancer,285572.674947,0.34%,$0.002377
1107,RNS,Renos,285141.819112,93.98%,$0.008548
1108,DTEM,Dystem,281482.123427,52.59%,$0.099400
1109,BTM,Bitmark,275971.694831,-10.04%,$0.028230
1110,SSS,Sharechain,273870.122801,-3.04%,$0.000108
1111,ELY,Elysian,273777.245079,0.68%,$0.003421
1112,BND,Blocknode,273196.47017,-13.13%,$0.004146
1113,DRPU,DCORP Utility,273056.260522,-4.78%,$0.077345
1114,BUNNY,BunnyToken,271910.393104,7.76%,$0.009521
1115,PCN,PeepCoin,270840.276115,-2.84%,$0.000011
1116,KBR,Kubera Coin,267686.759288,17.62%,$0.002339
1117,CASH,Cashcoin,259071.126093,-19.65%,$0.005434
1118,PROC,ProCurrency,257536.028045,0.05%,$0.002583
1119,ARC,Advanced Tech...,255296.207009,-12.93%,$0.010172
1120,BMH,BlockMesh,249371.11811,-32.48%,$0.002783
1121,EPY,Emphy,239236.416751,13.21%,$0.030284
1122,JET,Jetcoin,227449.104027,-5.69%,$0.033332
1123,MORE,Mithril Ore,225675.674689,-0.97%,$22.51
1124,BSTN,BitStation,220451.258756,12.77%,$0.000061
1125,LOBS,Lobstex,212561.452367,7.02%,$0.030466
1126,TOTO,Tourist Token,206532.011471,-2.54%,$0.000051
1127,XDNA,XDNA,205030.9483,-4.40%,$0.113519
1128,DFT,DraftCoin,201067.505562,-0.07%,$0.025050
1129,BNN,BrokerNekoNet...,198291.148496,-29.37%,$0.000066
1130,XRA,Ratecoin,193154.608348,-6.38%,$0.001577
1131,RLT,RouletteToken,192981.308311,16.40%,$0.018886
1132,CATO,CatoCoin,192281.067257,-27.40%,$0.155717
1133,EXMR,Ethereum Monero,186838.559889,-10.20%,$0.015785
1134,PUT,PutinCoin,185073.79174,1.67%,$0.000335
1135,XXX,AdultChain,181367.53653,-7.87%,$0.005551
1136,BTXC,Bettex Coin,169601.401763,-10.57%,$0.090725
1137,BCF,Bitcoin Fast,167738.448414,11.72%,$0.010271
1138,DTRC,Datarius Credit,163328.706314,-2.56%,$0.001278
1139,UNIFY,Unify,162320.224528,9.53%,$0.009088
1140,ARCT,ArbitrageCT,155297.527472,0.01%,$0.001720
1141,SAGA,SagaCoin,152571.9035,13.64%,$0.028362
1142,CRM,Cream,152449.918753,6.66%,$0.003380
1143,NMS,Numus,147474.153018,31.67%,$0.053610
1144,WHL,WhaleCoin,145877.866177,-1.23%,$0.014313
1145,TNS,Transcodium,145316.507581,-1.22%,$0.003583
1146,CFL,CryptoFlow,140829.007504,-6.98%,$0.005185
1147,EARTH,Earth Token,140433.612641,-5.61%,$0.000684
1148,DELTA,DeltaChain,133297.6051,-4.50%,$0.000030
1149,ASAFE2,AllSafe,129777.387438,17.04%,$0.013785
1150,XOV,XOVBank,129139.314681,3.07%,$0.002701
1151,HAVY,Havy,128020.655333,3.44%,$0.000025
1152,ODN,Obsidian,127563.660867,20.05%,$0.005103
1153,PRTX,Printex,127505.761779,2.20%,$0.011795
1154,VRS,Veros,127444.388018,-0.73%,$0.008157
1155,MARS,Marscoin,127429.605177,31.96%,$0.004506
1156,FANS,Fantasy Cash,124304.379512,16.43%,$0.026507
1157,YUP,Crowdholding,121039.081077,-4.00%,$0.000828
1158,GRMD,GreenMed,114002.448793,8.67%,$0.009277
1159,ELTCOIN,ELTCOIN,113068.733371,6.87%,$0.001256
1160,BBK,Bitblocks,108990.370439,-7.20%,$0.003840
1161,ACED,AceD,108655.528261,-2.06%,$0.052159
1162,MCAP,MCAP,102499.760556,18.26%,$0.009771
1163,OCC,Octoin Coin,96163.1886363,-5.52%,$0.236490
1164,BTR,Bitether,92166.0286688,-0.28%,$0.004698
1165,DEUS,DeusCoin,90396.1474136,-5.31%,$0.008159
1166,ARION,Arion,83856.3801386,13.74%,$0.014538
1167,TDS,TokenDesk,83470.9591286,1.34%,$0.008121
1168,XMCT,XMCT,80029.7796838,-0.18%,$0.006193
1169,DSR,Desire,77478.126459,-0.59%,$0.015607
1170,REC,Regalcoin,74631.4153241,38.98%,$0.005831
1171,MSCN,Master Swiscoin,67947.7150361,8.88%,$0.001505
1172,XCO,X-Coin,57600.4398834,6.01%,$0.004651
1173,STN,Steneum Coin,56465.6824891,-0.70%,$0.019293
1174,PLAN,Plancoin,54392.9666635,-2.69%,$0.009940
1175,MFTU,Mainstream Fo...,49159.3946517,-0.91%,$0.000201
1176,TCH,Thore Cash,40719.9096627,-2.46%,$0.007979
1177,CAB,Cabbage,27832.0606206,22.63%,$0.002651
1178,IMP,Ether Kingdom...,24341.3944857,-7.82%,$0.072351
1179,STR,Staker,23452.6229538,15.34%,$0.035718
1180,ADCN,Asiadigicoin,21477.3271313,-12.54%,$0.000861
1181,BTCONE,BitCoin One,19194.3188739,-8.35%,$0.001919
1182,GSR,GeyserCoin,3037.20092067,42.98%,$0.064809
1183,EAGLE,EagleCoin,1664.69231387,-68.03%,$0.000795
1184,VULC,Vulcano [OLD],101223203.596,,$0.012704
1185,ODE,ODEM,27386582.268,2.25%,$0.125625
1186,BTCD,BitcoinDark,20765453.798,,$16.11
1187,LKK,Lykke,18983958.8509,,$0.059922
1188,DIG,Dignity,17874838.9754,,$0.034175
1189,UTT,United Trader...,12674631.693,-0.36%,$0.339443
1190,FAIR,FairCoin,11637500.197,0.96%,$0.218775
1191,DTR,Dynamic Tradi...,11486396.7916,-1.30%,$0.009430
1192,SCR,Scorum Coins,9884712.60155,46.93%,$0.337765
1193,BWX,Blue Whale Token,9490582.2248,-7.22%,$0.000445
1194,GRID,Grid+,7601264.61751,0.40%,$0.193729
1195,ECC,ECC,6626683.6814,-16.07%,$0.000265
1196,ECOB,Ecobit,5520685.62514,0.08%,$0.012422
1197,CSNO,BitDice,5102546.43469,,$0.072894
1198,AC,AsiaCoin,4570745.15864,-6.66%,$0.002452
1199,PBT,Primalbase Token,4555845.03096,0.91%,$3644.68
1200,XST,Stealth,4195456.89588,-0.62%,$0.140277
1201,GAM,Gambit,3679922.74066,0.08%,$3.19
1202,APX,APX,3624209.71653,0.81%,$5.15
1203,WCT,Waves Communi...,3374800.10256,-2.23%,$0.338679
1204,MINT,MintCoin,3346087.12398,0.63%,$0.000134
1205,SHIP,ShipChain,2844059.25693,11.58%,$0.013607
1206,SEQ,Sequence,2742899.22766,-1.28%,$0.059640
1207,LEV,Leverj,2445541.95858,-27.98%,$0.020709
1208,MYB,MyBit,2433610.22663,1.44%,$0.025251
1209,XSD,SounDAC,2433380.12301,-0.77%,$0.166878
1210,CARE,Carebit,2359792.04397,156.56%,$0.023662
1211,HBT,Hubii Network,2209326.03366,,$0.163455
1212,MYST,Mysterium,2140557.07363,,$0.091051
1213,XRA,Xriba,2066762.66402,-13.96%,$0.037657
1214,CHIPS,CHIPS,2034923.13732,-22.71%,$0.096923
1215,1337,Elite,2011997.52083,5.51%,$0.000077
1216,VZT,Vezt,1989625.04435,32.91%,$0.032274
1217,OBITS,OBITS,1901757.12977,-8.67%,$0.121327
1218,ICOS,ICOS,1864175.08145,10.31%,$3.65
1219,BQ,bitqy,1856254.24999,8.74%,$0.000596
1220,CPY,COPYTRACK,1847010.46211,6.16%,$0.059261
1221,FTT,FarmaTrust,1812221.5526,10.26%,$0.003020
1222,FLUZ,Fluz Fluz,1764641.72863,8.53%,$0.008617
1223,FCN,Fantomcoin,1646421.89459,,$0.202372
1224,ASTRO,Astro,1630695.53733,,$0.492087
1225,SONIQ,Soniq,1593725.00861,-7.92%,$0.035416
1226,BLU,BlueCoin,1583274.88147,-5.91%,$0.002755
1227,CBX,Bullion,1496834.22754,-9.72%,$1.47
1228,HEAT,HEAT,1464055.66885,-3.83%,$0.040014
1229,ZEIT,Zeitcoin,1460371.37222,-4.80%,$0.000040
1230,ETBS,Ethbits,1433953.00245,-0.44%,$0.877201
1231,POSW,PoSW Coin,1399814.03417,0.59%,$0.031742
1232,ZEPH,Zephyr,1398580.7074,0.78%,$0.011101
1233,MAX,MaxCoin,1384418.50517,4.60%,$0.022531
1234,KB3,B3Coin,1366786.46941,-2.70%,$0.001862
1235,NXC,Nexium,1366513.68199,-0.30%,$0.020543
1236,SETH,Sether,1325022.61486,-6.43%,$0.076695
1237,VME,VeriME,1313801.39915,-15.08%,$0.007509
1238,SIG,Spectiv,1265304.58723,5.13%,$0.004431
1239,TGT,Target Coin,1262290.3246,0.74%,$0.001325
1240,CCRB,CryptoCarbon,1258219.17663,-3.40%,$0.050959
1241,HDG,Hedge,1244245.38515,,$0.335406
1242,ATMOS,Atmos,1201141.49427,15.69%,$0.011928
1243,XHI,HiCoin,1175468.40772,5.29%,$0.000265
1244,FDX,FidentiaX,1151084.7579,-9.65%,$0.010963
1245,CPAY,Cryptopay,1125159.89195,-16.89%,$0.016468
1246,EXCL,ExclusiveCoin,1124796.58336,2.78%,$0.229344
1247,GLA,Gladius Token,1120302.87504,0.75%,$0.077481
1248,NOBL,NobleCoin,1085596.89374,0.91%,$0.000464
1249,WISH,MyWish,1078529.5496,-3.29%,$0.056393
1250,KIND,Kind Ads Token,1027841.26181,-1.34%,$0.029820
1251,CARBON,Carboncoin,1011731.01984,0.10%,$0.000066
1252,RC,RussiaCoin,999870.425616,3.85%,$0.119347
1253,UFO,Uniform Fisca...,976264.41418,2.49%,$0.000265
1254,LDOGE,LiteDoge,953455.786541,0.78%,$0.000063
1255,PHI,PHI Token,922858.546665,-18.34%,$0.183387
1256,SMOKE,Smoke,918268.224145,8.42%,$0.089927
1257,DAR,Darcrus,908270.999558,-17.76%,$0.066783
1258,XPD,PetroDollar,903361.750116,39.53%,$0.014117
1259,MBI,Monster Byte,891831.601023,-18.83%,$0.053013
1260,TRAK,TrakInvest,885636.213644,-2.85%,$0.010577
1261,GOOD,Goodomy,880232.356487,-10.34%,$0.001419
1262,42,42-coin,872340.492644,-5.75%,$20770.03
1263,EFYT,Ergo,869963.658938,,$2.19
1264,HERO,Sovereign Hero,863949.06873,5.11%,$181.01
1265,HGT,HelloGold,861751.756289,-11.01%,$0.003276
1266,HAC,Hackspace Cap...,857410.072037,9.32%,$0.002651
1267,LYNX,Lynx,849225.353634,-0.18%,$0.000011
1268,PUREX,Pure,833910.01436,1.39%,$0.056592
1269,CAT,BlockCAT,815089.382839,4.84%,$0.110744
1270,NDC,NEVERDIE,771703.40699,-9.40%,$0.018820
1271,EGC,EverGreenCoin,761439.850275,0.18%,$0.055599
1272,CHC,ChainCoin,759927.871715,-6.32%,$0.048706
1273,GCN,GCN Coin,759225.093205,-2.87%,$0.000005
1274,WSX,WeAreSatoshi,754688.488184,0.31%,$0.030763
1275,UNIC,UniCoin,753439.796941,-5.44%,$0.246579
1276,BIO,BioCoin,736274.450287,0.30%,$0.001062
1277,UNI,Universe,727583.584,30.07%,$0.019199
1278,TIE,Ties.DB,724960.901886,-1.75%,$0.017760
1279,VIEW,View,724098.30166,14.42%,$0.021429
1280,TES,TeslaCoin,696945.02761,2.41%,$0.009079
1281,VSX,Vsync,691523.616115,3.60%,$0.004307
1282,ECN,E-coin,688072.73995,-0.27%,$1.96
1283,FID,Fidelium,678480.585429,0.82%,$0.005760
1284,TALAO,Talao,673650.199216,3.79%,$0.065870
1285,IXC,Ixcoin,658206.423406,7.82%,$0.031307
1286,EQT,EquiTrader,648347.873036,-1.43%,$0.058258
1287,PIPL,PiplCoin,646961.682827,11.38%,$0.007753
1288,TAG,TagCoin,632163.351011,0.02%,$0.098256
1289,I0C,I0Coin,626042.950222,19.50%,$0.029820
1290,GETX,Guaranteed Et...,602713.907574,2.22%,$0.002009
1291,AOG,smARTOFGIVING,586217.104431,5.00%,$0.123323
1292,HUSH,Hush,578492.233644,-4.50%,$0.119347
1293,VSL,vSlice,562021.368154,10.01%,$0.016832
1294,TSE,Tattoocoin (S...,557253.246447,44.38%,$0.006163
1295,BUN,BunnyCoin,554284.751946,10.90%,$0.000005
1296,MOTO,Motocoin,551408.491945,201.66%,$0.028072
1297,FLT,FlutterCoin,549521.95306,,$0.001259
1298,PING,CryptoPing,531011.043923,-5.19%,$0.053357
1299,RAIN,Condensate,516621.348617,15.76%,$0.001624
1300,DTX,DaTa eXchange,507042.756331,27.98%,$0.022943
1301,KOBO,Kobocoin,499743.209302,-16.16%,$0.020232
1302,XUN,UltraNote Coin,491576.67203,0.35%,$0.000397
1303,VIKKY,VikkyToken,469263.403195,-2.77%,$0.000126
1304,SGN,Signals Network,462526.486721,-18.65%,$0.005257
1305,ORB,Orbitcoin,455058.962957,6.44%,$0.141296
1306,BBP,BiblePay,454137.419954,-4.68%,$0.000473
1307,REX,imbrex,447523.294477,,$0.051673
1308,HIRE,HireMatch,445881.076857,-33.68%,$0.013831
1309,XNN,Xenon,437443.058439,8.88%,$0.001458
1310,SGR,Sugar Exchange,435273.857775,5.26%,$0.022349
1311,SMLY,SmileyCoin,435011.579553,-17.54%,$0.000017
1312,ZNY,Bitzeny,429108.463744,3.89%,$0.005675
1313,CDN,Canada eCoin,426772.532715,9.04%,$0.004381
1314,RUP,Rupee,425085.122286,-22.98%,$0.017180
1315,NKA,IncaKoin,423640.840572,37.99%,$0.000024
1316,FOR,FORCE,418083.741746,13.27%,$0.002975
1317,BRIT,BritCoin,416635.099368,0.11%,$0.019590
1318,DML,Decentralized...,401230.057298,1.68%,$0.008794
1319,BTRN,Biotron,392722.211724,,$0.012021
1320,BTDX,Bitcloud,389844.526609,-0.08%,$0.015230
1321,GMT,Mercury Protocol,387785.803146,,$0.002277
1322,WDC,WorldCoin,387504.392446,-6.17%,$0.003240
1323,MORE,More Coin,386104.714732,-2.49%,$0.193052
1324,SXC,Sexcoin,382323.673681,,$0.002981
1325,RIYA,Etheriya,380151.078439,,$0.240369
1326,BYC,Bytecent,379899.812745,0.84%,$0.162983
1327,HNC,Helleniccoin,376391.834314,0.69%,$0.005554
1328,KNDC,KanadeCoin,374522.640208,3.13%,$0.000068
1329,NSR,NuShares,367302.584416,-32.88%,$0.000132
1330,UTC,UltraCoin,363277.546956,12.42%,$0.007604
1331,CRAVE,Crave,358265.81192,-3.18%,$0.023315
1332,XCN,Cryptonite,356925.551837,-5.33%,$0.000813
1333,STAK,STRAKS,356542.896389,-4.84%,$0.042485
1334,SKC,Skeincoin,353718.763095,14.06%,$0.026249
1335,DCY,Dinastycoin,348318.265138,-19.41%,$0.000198
1336,GOLF,Golfcoin,347229.537,27.90%,$0.000198
1337,DP,DigitalPrice,342597.936502,1.78%,$0.017320
1338,IFLT,InflationCoin,342120.211108,2.91%,$0.000008
1339,MAZA,MAZA,340702.208327,,$0.000323
1340,MAGE,MagicCoin,339912.000885,0.54%,$0.045424
1341,TROLL,Trollcoin,338608.99712,3.63%,$0.000583
1342,ZENI,Zennies,330862.112039,0.69%,$0.000331
1343,BITSILVER,bitSilver,323471.854735,-0.06%,$14.87
1344,AIB,Advanced Inte...,323427.342265,1.47%,$0.010034
1345,ITT,Intelligent T...,319190.409187,9.86%,$0.032571
1346,LANA,LanaCoin,309941.437555,1.56%,$0.000322
1347,BITBTC,bitBTC,305104.203374,12.25%,$6780.41
1348,MANNA,Manna,303880.827534,12.07%,$0.001055
1349,STRC,StarCredits,300712.282898,,$0.066825
1350,PXC,Phoenixcoin,300005.33791,4.64%,$0.004300
1351,USC,Ultimate Secu...,298150.975515,-38.52%,$0.028826
1352,DGC,Digitalcoin,297323.177843,-3.70%,$0.009801
1353,BBI,BelugaPay,297250.194141,,$0.060069
1354,SGP,SGPay,294066.315604,-13.21%,$0.147033
1355,MAG,Magnet,290834.761365,-5.49%,$0.008300
1356,FT,Fabric Token,289286.148755,-5.80%,$0.011763
1357,DSH,Dashcoin,286325.133653,-4.51%,$0.016292
1358,EL,Elcoin,283562.347307,6.03%,$0.025298
1359,DEM,Deutsche eMark,281654.435688,0.92%,$0.006706
1360,BTI,Bitcoin Instant,280304.38034,,$0.002079
1361,HODL,HOdlcoin,276735.960009,,$0.001190
1362,CMM,Commercium,276653.898064,-2.50%,$0.010116
1363,AHT,Bowhead,272818.11907,,$0.034102
1364,ESZ,EtherSportz,272674.612612,1.56%,$0.055179
1365,RTB,AB-Chain RTB,271296.029877,-0.60%,$0.024048
1366,SNRG,Synergy,269939.127091,-18.36%,$0.067177
1367,FLIK,FLiK,268458.429779,119.34%,$0.004465
1368,TRK,Truckcoin,266696.31117,-13.01%,$0.001256
1369,BRO,Bitradio,266128.608564,7.56%,$0.039095
1370,ATS,Authorship,264288.990038,31.33%,$0.002644
1371,START,Startcoin,259710.583237,6.30%,$0.005761
1372,PIGGY,Piggycoin,259657.375355,-10.50%,$0.000529
1373,FRST,FirstCoin,255708.734945,2.89%,$0.008194
1374,ONX,Onix,254862.388908,-0.39%,$0.002380
1375,HBN,HoboNickels,253792.589893,,$0.003956
1376,BTB,BitBar,247827.746717,-10.12%,$6.40
1377,BLC,Blakecoin,243279.922122,7.74%,$0.012430
1378,CDX,Commodity Ad ...,241107.256751,6.15%,$0.007407
1379,BTWTY,Bit20,241043.771844,,"$237,248"
1380,EBCH,EBCH,239691.268551,,$0.025814
1381,EDRC,EDRCoin,232890.526845,-11.33%,$0.083674
1382,MOIN,Moin,231748.230835,0.55%,$0.029423
1383,TALK,BTCtalkcoin,231619.358226,0.04%,$0.003548
1384,INSN,InsaneCoin,231576.92402,0.69%,$0.010116
1385,Q2C,QubitCoin,230719.557835,24.36%,$0.000926
1386,GRWI,Growers Inter...,229408.415139,,$0.191744
1387,ACC,Accelerator N...,228399.09082,0.04%,$0.406979
1388,FST,Fastcoin,228247.981555,5.47%,$0.001455
1389,BITGOLD,bitGold,227688.480374,-0.22%,$1201.62
1390,GNR,Gainer,225776.64525,-0.48%,$0.024464
1391,ELE,Elementrem,224950.676967,,$0.008595
1392,NBR,Niobio Cash,223831.916431,-2.94%,$0.002043
1393,MCI,Musiconomi,220664.052036,,$0.007969
1394,IETH,iEthereum,219955.025187,-9.14%,$0.012232
1395,TRUMP,TrumpCoin,218289.191297,-0.65%,$0.033059
1396,ORI,Origami,211376.376594,-20.61%,$0.050020
1397,BBS,BBSCoin,210885.934646,-8.78%,$0.000003
1398,BTCS,Bitcoin Scrypt,204994.827792,10.52%,$0.011637
1399,CROAT,CROAT,204395.947974,-11.51%,$0.003969
1400,TDX,Tidex Token,202382.931506,7.37%,$0.021292
1401,OPAL,Opal,202321.642356,-9.61%,$0.013356
1402,FYN,FundYourselfNow,201045.792529,,$0.229108
1403,SDRN,Senderon,198167.499237,,$0.004461
1404,DGPT,DigiPulse,193026.671747,0.00%,$0.085304
1405,LINX,Linx,191395.148167,0.30%,$0.006480
1406,BTA,Bata,190433.558748,4.56%,$0.037708
1407,BITS,Bitstar,188281.794504,0.27%,$0.009547
1408,CTL,Citadel,187553.055722,-9.60%,$0.017588
1409,UIS,Unitus,187386.376786,0.69%,$0.002975
1410,NOBS,No BS Crypto,185469.577341,,$0.000264
1411,SUPER,SuperCoin,182233.970638,1.12%,$0.003674
1412,MBRS,Embers,181826.366687,,$0.003637
1413,BANK,Bank Coin,180317.374359,,$0.029173
1414,EBET,EthBet,180070.214468,1.93%,$0.021173
1415,BTCR,Bitcurrency,179418.182796,0.69%,$0.001058
1416,IRL,IrishCoin,178792.673134,0.69%,$0.004959
1417,TSC,Thunderstake,178689.96579,12.36%,$0.000783
1418,FUNK,The Cypherfunks,178622.942292,-0.57%,$0.000004
1419,TEK,TEKcoin,178422.208047,-3.93%,$0.000126
1420,MEC,Megacoin,178220.875428,2.10%,$0.004761
1421,PRIV,PRiVCY,176095.571301,-24.23%,$0.016661
1422,ITI,iTicoin,176058.191236,0.85%,$5.50
1423,MNE,Minereum,175868.326249,1.30%,$0.044231
1424,ACC,AdCoin,175439.912844,1.94%,$0.026778
1425,CAZ,Cazcoin,172283.872263,-3.71%,$0.005399
1426,JC,Jesus Coin,171911.612452,-29.30%,$0.000010
1427,NYAN,Nyancoin,170719.020153,0.68%,$0.000529
1428,PR,Prototanium,169678.342628,10.68%,$0.860931
1429,XPY,PayCoin,169050.236643,7.63%,$0.014149
1430,ZZC,ZoZoCoin,167982.584022,1.97%,$0.086300
1431,NET,NetCoin,166682.632387,,$0.000212
1432,TTC,TittieCoin,166594.796282,54.17%,$0.000132
1433,UCOM,UCOM,165738.771617,-6.18%,$0.077038
1434,TRCT,Tracto,163014.613565,-0.22%,$0.006057
1435,WILD,Wild Crypto,162765.614839,,$0.006678
1436,ETG,Ethereum Gold,161854.922776,-5.47%,$0.013488
1437,FRC,Freicoin,160638.190353,-5.24%,$0.005103
1438,GAP,Gapcoin,160363.275439,2.45%,$0.011505
1439,BDL,Bitdeal,156002.320415,-22.54%,$0.000888
1440,CJT,ConnectJob,153115.626309,,$0.001357
1441,VOT,VoteCoin,152126.924872,-3.69%,$0.003938
1442,RBIES,Rubies,150320.540986,0.36%,$0.014433
1443,MTNC,Masternodecoin,149365.481087,-11.34%,$0.002777
1444,ICN,iCoin,148267.851927,67.81%,$0.004959
1445,ZCR,ZCore,146010.532835,-0.10%,$0.083521
1446,MAC,Machinecoin,145978.852194,-9.89%,$0.006810
1447,OPCX,OPCoinX,145918.675945,-1.23%,$0.001879
1448,TRI,Triangles,144805.666797,-4.68%,$1.20
1449,RBT,Rimbit,143701.777877,11.71%,$0.000727
1450,SLG,Sterlingcoin,143001.463265,,$0.033719
1451,ECASH,Ethereum Cash,140773.279023,-11.09%,$0.009984
1452,KUSH,KushCoin,139859.447488,,$0.024895
1453,DIX,Dix Asset,138976.173482,-32.70%,$0.000001
1454,BITEUR,bitEUR,138837.199512,1.13%,$1.29
1455,BIGUP,BigUp,138625.073928,33.97%,$0.000065
1456,JIN,Jin Coin,138299.411305,0.69%,$0.013885
1457,XJO,Joulecoin,136287.999187,-17.08%,$0.003703
1458,NETKO,Netko,135049.542032,,$0.021489
1459,CJ,Cryptojacks,133694.254928,32.86%,$0.000329
1460,QVT,Qvolta,132465.505843,-1.36%,$0.017837
1461,CTX,CarTaxi Token,131999.806401,-16.09%,$0.003306
1462,CHESS,ChessCoin,128049.643735,0.25%,$0.002370
1463,JEW,Shekel,126760.482952,14.33%,$0.001050
1464,SMC,SmartCoin,126279.084476,-0.08%,$0.005025
1465,EVIL,Evil Coin,125085.594381,0.69%,$0.005951
1466,ARI,Aricoin,122945.027894,0.68%,$0.000529
1467,PAK,Pakcoin,122546.541358,-3.34%,$0.001984
1468,BTCRED,Bitcoin Red,121712.906157,3.49%,$0.005923
1469,EMD,Emerald Crypto,121615.842483,-0.06%,$0.006362
1470,GUN,Guncoin,120625.107529,-7.06%,$0.000529
1471,LTB,LiteBar,119846.42562,32.20%,$0.125361
1472,SCRT,SecretCoin,119609.805094,,$0.028285
1473,BSM,Bitsum,118849.444998,-11.49%,$0.000116
1474,BWS,Bitcoin W Spe...,117475.318313,-15.19%,$0.001125
1475,TOKC,TOKYO,114969.65307,13.27%,$0.000595
1476,HAL,Halcyon,113782.02938,-2.28%,$0.017852
1477,JIYO,Jiyo,112567.927764,112.98%,$0.018454
1478,XBTC21,Bitcoin 21,110069.923019,,$0.138783
1479,MNC,Mincoin,109654.416247,-1.53%,$0.022928
1480,CCT,Crystal Clear ,108808.42659,4.80%,$0.020829
1481,GB,GoldBlocks,108423.26816,-1.99%,$0.006966
1482,VIDZ,PureVidz,107683.331212,,$0.000860
1483,KED,Darsek,107338.809114,0.30%,$0.004479
1484,XLC,Leviar,106378.499608,6.81%,$0.008066
1485,BTCN,BitcoiNote,106262.837489,-2.49%,$0.011245
1486,DMB,Digital Money...,106020.572688,-4.77%,$0.001190
1487,EUNO,EUNO,104506.054697,-6.05%,$0.013210
1488,DAXX,DaxxCoin,103322.028867,51.03%,$0.000198
1489,DUO,ParallelCoin,102669.87954,36.20%,$0.326228
1490,TGC,Tigercoin,100750.849222,-18.05%,$0.002314
1491,DRXNE,DROXNE,100557.562809,6.07%,$0.001259
1492,SIGT,Signatum,99301.8693551,-0.14%,$0.000920
1493,TIT,Titcoin,98976.0960126,-17.18%,$0.001984
1494,GMCN,GambleCoin,98763.9695906,7.43%,$0.019836
1495,J,Joincoin,98281.8647619,12.22%,$0.030877
1496,FNTB,Fintab,97214.0106431,1.74%,$0.034977
1497,ARCO,AquariusCoin,96892.0415437,-2.77%,$0.049920
1498,BOLI,Bolivarcoin,95033.0220885,12.98%,$0.008052
1499,WGO,WavesGo,89805.3349024,-1.57%,$0.010220
1500,GUESS,Peerguess,88583.648574,9.76%,$0.002185
1501,TKR,CryptoInsight,88044.2908575,1.48%,$0.007027
1502,XBL,Billionaire T...,87594.5565961,0.30%,$0.026801
1503,SHDW,Shadow Token,86655.8915761,10.89%,$0.012379
1504,CCO,Ccore,85780.3477688,-54.81%,$0.050459
1505,POST,PostCoin,85564.7025801,-7.87%,$0.005392
1506,DGS,Dragonglass,85112.385269,0.69%,$0.000860
1507,SPACE,SpaceCoin,84900.6969749,0.37%,$0.003493
1508,XCT,C-Bit,83562.9450905,15.33%,$0.000530
1509,PASL,Pascal Lite,83532.468972,6.42%,$0.016633
1510,FLM,FolmCoin,81674.0286266,24.69%,$0.010199
1511,BLZ,BlazeCoin,80781.8759176,1.07%,$0.000133
1512,CCN,CannaCoin,80524.3335204,0.30%,$0.017125
1513,MOJO,MojoCoin,80453.1602611,-14.70%,$0.006560
1514,PHS,Philosopher S...,78950.1535581,,$0.013127
1515,ZBA,Zoomba,77171.7790974,26.66%,$0.014315
1516,XRE,RevolverCoin,76781.8067498,2.97%,$0.003313
1517,HC,Harvest Maste...,74755.2476771,-1.80%,$0.020629
1518,LCP,Litecoin Plus,74568.1247484,0.97%,$0.038965
1519,HVCO,High Voltage,74260.4754767,,$0.049700
1520,NEVA,NevaCoin,72599.5007822,-0.91%,$0.021358
1521,C2,Coin2.1,72102.1027151,0.23%,$0.000921
1522,CNT,Centurion,72051.505042,-20.53%,$0.000928
1523,ATOM,Atomic Coin,70909.1370508,-26.20%,$0.003877
1524,QTL,Quatloo,70587.821092,,$0.009145
1525,CNO,Coin(O),69839.626161,-14.32%,$0.000663
1526,GRLC,Garlicoin,69711.9486229,-11.20%,$0.005544
1527,RPC,RonPaulCoin,69271.799741,7.47%,$0.070574
1528,TOK,Tokugawa,69238.4952885,-4.00%,$0.067772
1529,XCXT,CoinonatX,66160.3049267,-14.06%,$0.003386
1530,NOX,Nitro,65148.2069479,-22.70%,$0.006421
1531,XSTC,Safe Trade Coin,64973.836081,0.99%,$0.000199
1532,PKB,ParkByte,63139.3911408,,$0.013253
1533,BOST,BoostCoin,62850.0506821,,$0.005301
1534,CRC,CrowdCoin,62711.8365069,2.74%,$0.015001
1535,HTH,Help The Home...,61839.6018762,14.47%,$0.000198
1536,ETHD,Ethereum Dark,61230.5572162,0.63%,$0.040820
1537,PGN,Pigeoncoin,61031.8382422,0.68%,$0.000066
1538,CAT,Catcoin,60929.2151829,1.74%,$0.009145
1539,BSTY,GlobalBoost-Y,60679.1943806,-3.05%,$0.003976
1540,300,300 Token,60514.9350189,-3.22%,$201.72
1541,DDF,DigitalDevelo...,59149.7425601,,$0.011557
1542,SPK,Sparks,58872.5017285,4.70%,$0.015653
1543,888,OctoCoin,58300.8571646,-48.41%,$0.001060
1544,DBTC,Debitcoin,57759.1336404,,$0.003209
1545,GLT,GlobalToken,57624.526433,-15.11%,$0.002060
1546,SRC,SecureCoin,57332.2335617,-9.79%,$0.006229
1547,KURT,Kurrent,56930.3287815,-5.82%,$0.000928
1548,BERN,BERNcash,56616.5888735,0.86%,$0.000795
1549,INFX,Influxcoin,56553.8116039,-5.49%,$0.033796
1550,AREPA,Arepacoin,54906.9197009,-1.35%,$0.003894
1551,IQ,IQ.cash,54625.3763322,-8.12%,$0.020489
1552,SWING,Swing,53762.4673673,-5.84%,$0.014778
1553,8BIT,8Bit,53692.5795476,2.58%,$0.036579
1554,UET,Useless Ether...,53239.6426349,,$0.013425
1555,DTC,Datacoin,53082.7094816,20.84%,$0.001590
1556,CHAN,ChanCoin,52548.846713,12.96%,$0.004970
1557,LEA,LeaCoin,52148.9627701,0.07%,$0.000132
1558,QBC,Quebecoin,51650.9437661,2.98%,$0.003313
1559,DLC,Dollarcoin,51550.4825001,,$0.005661
1560,VPRC,VapersCoin,51096.376735,,$0.000065
1561,DRM,Dreamcoin,50549.3972751,0.13%,$0.020252
1562,ACOIN,Acoin,50254.0943165,3.04%,$0.041189
1563,STV,Sativacoin,50142.914605,-22.05%,$0.007066
1564,DIN,Dinero,49993.4512966,-19.03%,$0.008004
1565,ENT,Eternity,49284.3198208,30.69%,$0.010539
1566,$$$,Money,48652.8121074,15.33%,$0.001060
1567,BUMBA,BumbaCoin,47937.807315,-10.62%,$0.002054
1568,611,SixEleven,46356.3082131,0.91%,$0.101256
1569,CACH,CacheCoin,45035.698047,26.50%,$0.010735
1570,ZUR,Zurcoin,44927.2498107,,$0.000513
1571,MST,MustangCoin,44849.1328133,,$0.071150
1572,GRN,Granite,44587.5526637,,$0.001092
1573,RED,RedCoin,44198.0626578,29.74%,$0.000596
1574,BITF,BitF,44045.3829589,15.21%,$0.042544
1575,NTO,Fujinto,43498.4028905,0.67%,$0.000661
1576,XRH,Rhenium,41542.7976532,-13.39%,$0.001735
1577,DALC,Dalecoin,41335.8187903,2.96%,$0.075544
1578,NYEX,Nyerium,40830.1329061,23.55%,$0.002434
1579,ZMC,ZetaMicron,38395.5990155,,$0.000064
1580,GCC,GuccioneCoin,37639.2343617,,$0.001855
1581,TAJ,TajCoin,36752.0036335,-0.25%,$0.003537
1582,GP,GoldPieces,36684.7017938,,$0.030065
1583,IMX,Impact,36294.9135026,,$0.000329
1584,MAY,Theresa May Coin,35957.1262984,87.99%,$0.000494
1585,IMS,Independent M...,35729.4037613,0.03%,$0.006655
1586,SOIL,SOILcoin,35518.5283263,-4.35%,$0.006229
1587,HBC,HomeBlockCoin,34910.1404072,21.46%,$0.006982
1588,PXI,Prime-XI,34880.4480543,5.02%,$0.001590
1589,NRO,Neuro,34776.1907184,13.53%,$0.000596
1590,ERY,Eryllium,34610.0150096,-6.19%,$0.002631
1591,DRS,Digital Rupees,33849.2964568,,$0.000066
1592,EXN,ExchangeN,33703.830889,0.64%,$0.006609
1593,BOAT,BOAT,33002.6834991,0.11%,$0.000460
1594,ALL,Allion,32454.1427641,,$0.005235
1595,BENJI,BenjiRolls,32249.8710483,5.14%,$0.001591
1596,PLC,Polcoin,31234.639506,0.91%,$0.000398
1597,AMMO,Ammo Reloaded,30924.5235374,,$0.000398
1598,SOON,SoonCoin,30556.7610152,-1.16%,$0.002452
1599,YTN,YENTEN,29682.5425836,0.81%,$0.003508
1600,GRIM,Grimcoin,29675.6543394,48.07%,$0.000397
1601,EUC,Eurocoin,29621.0083521,0.86%,$0.002386
1602,NUKO,Nekonium,29424.5089572,-6.66%,$0.002452
1603,CNNC,Cannation,28687.7338995,0.21%,$0.011582
1604,VTA,Virtacoin,28679.1835337,-0.63%,$0.000006
1605,JOBS,JobsCoin,28351.4778407,,$0.000267
1606,ICOO,ICO OpenLedger,27528.7286179,,$0.059081
1607,POS,PoSToken,26762.0579056,,$0.025902
1608,AMS,AmsterdamCoin,26613.7615863,-44.53%,$0.000530
1609,BTPL,Bitcoin Planet,26603.3109382,-0.77%,$0.003910
1610,MCRN,MACRON,26600.9264529,0.91%,$0.000066
1611,CMT,Comet,26418.5085417,-5.80%,$0.030268
1612,PNX,Phantomx,26236.814296,14.83%,$0.000845
1613,VISIO,Visio,26232.6445396,,$0.000512
1614,VEC2,VectorAI,26145.5512299,,$0.001464
1615,LTCR,Litecred,25915.5302617,,$0.000857
1616,CPN,CompuCoin,25577.8856072,,$0.001304
1617,CF,Californium,25295.7715677,-6.32%,$0.010338
1618,ZYD,Zayedcoin,25239.331111,,$0.004042
1619,PEX,PosEx,25035.5434463,,$0.010205
1620,PIE,PIECoin,24867.102128,,$0.002250
1621,BNX,BnrtxCoin,24760.8362563,11.00%,$0.000729
1622,COAL,BitCoal,23557.8604874,0.74%,$0.005235
1623,FLAX,Flaxscript,23340.8074279,0.26%,$0.004148
1624,ECO,EcoCoin,23206.6996902,2.92%,$0.019814
1625,FUZZ,FuzzBalls,23163.5762428,0.04%,$0.004796
1626,GPL,Gold Pressed ...,22693.9602005,-1.74%,$0.088466
1627,JS,JavaScript Token,22193.6490912,-61.90%,$0.002777
1628,KNC,KingN Coin,21368.0368718,,$10.64
1629,BRAT,BROTHER,21118.0843366,0.50%,$0.000132
1630,B@,Bankcoin,21111.017668,-21.21%,$0.002051
1631,VLT,Veltor,20507.5651103,0.33%,$0.036960
1632,MAR,Marijuanacoin,19678.0255023,-1.59%,$0.012061
1633,ICON,Iconic,19406.0228901,,$0.032731
1634,NTWK,Network Token,18755.6794703,,$0.001185
1635,BLN,Bolenum,18554.7143079,4.68%,$0.001855
1636,BTQ,BitQuark,17702.7148361,0.24%,$0.001657
1637,ROOFS,Roofs,17127.4345324,0.31%,$0.000132
1638,GRPH,Graphcoin,17087.3025479,-19.38%,$0.003812
1639,HONEY,Honey,16195.0768307,-3.29%,$0.035519
1640,PLNC,PLNcoin,16020.7574695,,$0.000937
1641,TRDT,Trident Group,15721.9218666,,$0.012961
1642,ESC,Escroco,15443.5068583,,$0.007168
1643,MILO,MiloCoin,15405.3430042,12.99%,$0.001428
1644,SONG,SongCoin,15362.5663214,-8.23%,$0.000472
1645,ELS,Elysium,15115.1930067,0.20%,$0.001119
1646,QBIC,Qbic,14945.4778333,-41.84%,$0.004202
1647,ICOB,ICOBID,13921.5994492,,$0.000130
1648,BIP,BipCoin,13047.3558551,0.08%,$0.008018
1649,SOCC,SocialCoin,12756.2421828,20.92%,$0.009211
1650,GEERT,GeertCoin,12071.0471662,0.29%,$0.002371
1651,CXT,Coinonat,11560.7372064,-7.70%,$0.001341
1652,KRONE,Kronecoin,11415.592548,-0.69%,$0.001259
1653,ARB,ARbit,11353.5468515,1.38%,$0.001193
1654,LUNA,Luna Coin,11192.2271805,-4.88%,$0.006559
1655,LTCU,LiteCoin Ultra,11186.2257522,20.91%,$0.010847
1656,SFC,Solarflarecoin,11087.694526,,$0.000787
1657,STARS,StarCash Network,10661.2018339,,$0.011106
1658,SCS,SpeedCash,10620.9197541,-10.33%,$0.018479
1659,LBTC,LiteBitcoin,9865.46653083,0.49%,$0.000341
1660,VOLT,Bitvolt,9722.81347094,,$0.000586
1661,URALS,UralsCoin,9603.32303396,-10.15%,$0.001124
1662,PRC,PRCoin,9594.79884965,-13.69%,$0.000397
1663,IBANK,iBank,9223.09582886,0.10%,$0.002038
1664,PLACO,PlayerCoin,9215.8989035,-0.10%,$0.000262
1665,WBB,Wild Beast Block,9161.9617499,,$0.050363
1666,CRDNC,Credence Coin,9083.87436079,,$0.002651
1667,ATX,Artex Coin,8448.61671552,,$0.000450
1668,WORM,HealthyWormCoin,7659.36784292,,$0.000066
1669,RKC,Royal Kingdom...,6962.29687715,0.69%,$0.002579
1670,PCOIN,Pioneer Coin,6696.39476429,-4.69%,$0.002253
1671,VUC,Virta Unique ...,6231.7134,,$0.000099
1672,PONZI,PonziCoin,6219.79146661,,$0.007223
1673,GLS,GlassCoin,5917.3055707,0.80%,$0.001920
1674,ARGUS,Argus,5464.69502415,2.34%,$0.004759
1675,CREVA,CrevaCoin,4822.99978358,3.01%,$0.000133
1676,SLEVIN,Slevin,4638.67857861,,$0.000066
1677,CTIC2,Coimatic 2.0,4473.83775233,25.86%,$0.000331
1678,ITZ,Interzone,4033.00352607,-10.64%,$0.001521
1679,BSC,BowsCoin,3677.87731133,12.12%,$0.000663
1680,CONX,Concoin,3551.04967973,0.91%,$0.004771
1681,COUPE,Coupecoin,3296.19243609,-3.66%,$0.000015
1682,DOLLAR,Dollar Online,3246.77302725,0.91%,$0.004307
1683,WOMEN,WomenCoin,2912.92203461,0.31%,$0.000066
1684,ACP,AnarchistsPrime,2912.34384991,-8.26%,$0.000663
1685,CTIC3,Coimatic 3.0,2695.153015,-9.18%,$0.001193
1686,MGM,Magnum,2654.38041946,,$0.000590
1687,NANOX,Project-X,2379.93956168,5.89%,$30409.12
1688,BAS,BitAsean,2352.51330044,-32.05%,$0.000471
1689,SANDG,Save and Gain,2030.94604052,,$0.000663
1690,VLTC,Vault Coin,1979.53495061,,$0.000065
1691,ADN,Adrenaline,1642.82353822,0.69%,$0.000132
1692,AI,POLY AI,198.631915124,-18.97%,$0.000087
1693,LVPS,LevoPlus,137.418764916,,$0.000067
1694,HMC,HarmonyCoin,111.573810922,17.08%,$0.000199
1695,CKUSD,CK USD,?,0.14%,$0.988590
1696,ZB,ZB,?,1.33%,$0.263904
1697,XIN,Infinity Econ...,?,-3.09%,$0.004537
1698,PAX,Paxos Standar...,?,-0.10%,$0.997694
1699,CONI,Coni,?,1.64%,$0.025089
1700,HYC,HYCON,?,2.01%,$0.021961
1701,PLY,PlayCoin,?,-4.90%,$0.146661
1702,BU,BUMO,?,1.59%,$0.214607
1703,INB,Insight Chain,?,1.39%,$0.380125
1704,PAI,Project Pai,?,-2.40%,$0.183208
1705,ONG,ONG,?,-21.53%,$1.62
1706,EJOY,EJOY,?,6.75%,$0.000382
1707,KNOW,KNOW,?,-5.34%,$0.020087
1708,FIL,Filecoin [Fut...,?,4.22%,$3.65
1709,UBEX,Ubex,?,29.46%,$0.015757
1710,EDU,EduCoin,?,0.75%,$0.000457
1711,XPX,ProximaX,?,-2.73%,$0.003790
1712,NPXSXEM,Pundi X NEM,?,7.84%,$0.000952
1713,ETZ,Ether Zero,?,2.81%,$0.183516
1714,LIGHT,LightChain,?,10.44%,$0.000171
1715,SHE,ShineChain,?,-3.81%,$0.001506
1716,SBTC,Super Bitcoin,?,-11.91%,$4.89
1717,MT,MyToken,?,1.86%,$0.003961
1718,DFT,DigiFinexToken,?,-0.26%,$0.202894
1719,BLACK,eosBLACK,?,1.32%,$0.095530
1720,PNT,Penta,?,1.05%,$0.001098
1721,GSE,GSENetwork,?,-5.22%,$0.005959
1722,CAN,Content and A...,?,3.42%,$0.005133
1723,YCC,Yuan Chain Coin,?,4.41%,$0.013790
1724,UST,Ultra Salescloud,?,3.12%,$0.053992
1725,SOP,SoPay,?,-0.87%,$0.006508
1726,TV,Ti-Value,?,3.99%,$0.058923
1727,XCEL,XcelToken,?,22.99%,$0.049342
1728,SAC,Smart Applica...,?,2.50%,$3.76
1729,AVH,Animation Vis...,?,0.68%,$0.001455
1730,MOF,Molecular Future,?,0.52%,$0.122583
1731,EXT,Experience Token,?,5.15%,$0.000411
1732,WIT,WITChain,?,,$0.000183
1733,TMTG,The Midas Tou...,?,-23.01%,$0.045125
1734,DACC,DACC,?,5.63%,$0.000521
1735,IQ,Everipedia,?,-0.54%,$0.009548
1736,INO,INO COIN,?,7.98%,$0.473265
1737,MCC,Moving Cloud ...,?,-7.56%,$0.014641
1738,MAS,MidasProtocol,?,-6.78%,$0.024355
1739,SDA,Six Domain Chain,?,1.93%,$0.009643
1740,MEET,CoinMeet,?,-0.55%,$0.017360
1741,OF,OFCOIN,?,-0.81%,$0.000392
1742,EDN,Eden,?,-2.75%,$0.025024
1743,EDS,Endorsit,?,-0.57%,$0.000102
1744,UCT,Ubique Chain ...,?,0.93%,$0.021253
1745,INCX,International...,?,5.32%,$0.003929
1746,INC,Influence Chain,?,-13.47%,$0.033347
1747,BCV,BitCapitalVendor,?,-2.99%,$0.004312
1748,ESS,Essentia,?,2.03%,$0.005739
1749,RRC,RRCoin,?,3.45%,$0.007858
1750,MAG,Maggie,?,0.94%,$0.002087
1751,FMF,Formosa Finan...,?,1.62%,$0.008141
1752,GET,Themis,?,-3.25%,$0.004864
1753,HIT,HitChain,?,-1.10%,$0.000286
1754,MXM,Maximine Coin,?,0.86%,$0.005210
1755,LXT,Litex,?,6.47%,$0.007063
1756,KBC,Karatgold Coin,?,-9.71%,$0.013898
1757,SHOW,Show,?,5.10%,$0.001463
1758,HDAC,Hdac,?,-2.74%,$0.046264
1759,ABX,Arbidex,?,-7.79%,$0.063896
1760,C2P,Coin2Play,?,-6.68%,$0.050961
1761,SEER,SEER,?,0.24%,$0.001972
1762,FTO,FuturoCoin,?,-7.10%,$7.98
1763,BUT,BitUP Token,?,-0.35%,$0.005521
1764,TRIO,Tripio,?,9.79%,$0.001623
1765,PSM,PRASM,?,3.76%,$0.002214
1766,ABDT,Atlantis Blue...,?,3.25%,$0.020979
1767,INSUR,InsurChain,?,-12.64%,$0.000468
1768,UBTC,United Bitcoin,?,6.24%,$3.81
1769,FOIN,FOIN,?,0.03%,$581.91
1770,SDS,Alchemint Sta...,?,7.41%,$0.008523
1771,STC,StarChain,?,1.21%,$0.008853
1772,QNT,Quant,?,-3.99%,$1.21
1773,ZP,Zen Protocol,?,-14.14%,$0.340244
1774,CIT,CariNet,?,-1.53%,$0.034730
1775,DAC,Davinci Coin,?,-1.81%,$0.004728
1776,CRE,Cybereits,?,25.89%,$0.009090
1777,IDT,InvestDigital,?,0.67%,$0.007892
1778,FAIR,FairGame,?,-1.47%,$0.005096
1779,OC,OceanChain,?,-0.76%,$0.000684
1780,TOS,ThingsOperati...,?,-0.74%,$0.014701
1781,WIKI,Wiki Token,?,1.36%,$0.914147
1782,TOPC,TopChain,?,0.29%,$0.010748
1783,WIN,WinToken,?,-0.52%,$0.000499
1784,LBTC,Lightning Bit...,?,-1.73%,$4.35
1785,IIC,Intelligent I...,?,1.29%,$0.000326
1786,MLC,Mallcoin,?,0.09%,$0.072554
1787,WT,WeToken,?,-1.86%,$0.005268
1788,XUC,Exchange Union,?,0.60%,$4.40
1789,CAR,CarBlock,?,2.32%,$0.002971
1790,DX,DxChain Token,?,0.48%,$0.000404
1791,SCC,StockChain,?,1.89%,$0.002479
1792,VSC,vSportCoin,?,4.34%,$0.003999
1793,UIP,UnlimitedIP,?,0.58%,$0.005160
1794,GARD,Hashgard,?,0.79%,$0.000146
1795,ANON,ANON,?,-6.63%,$0.747312
1796,OPEN,Open Platform,?,2.21%,$0.010477
1797,ADK,Aidos Kuneen,?,-3.48%,$8.79
1798,BCX,BitcoinX,?,-7.31%,$0.004571
1799,QNTU,Quanta Utilit...,?,-39.55%,$0.000226
1800,FUNDZ,FundToken,?,1.45%,$0.008945
1801,BNK,Bankera,?,-0.41%,$0.002365
1802,KCASH,Kcash,?,0.92%,$0.017907
1803,COU,Couchain,?,-19.81%,$0.000025
1804,READ,Read,?,3.33%,$0.003917
1805,TCN,TCOIN,?,2.52%,$0.378156
1806,SLT,Social Lendin...,?,1.52%,$0.004779
1807,SGCC,Super Game Chain,?,-16.82%,$0.000167
1808,EPLUS,EPLUS Coin,?,7.80%,$2.18
1809,MSD,MSD,?,-3.62%,$0.005561
1810,CCC,Concierge Coin,?,5.98%,$1.33
1811,MCT,Master Contra...,?,19.37%,$0.003166
1812,KWH,KWHCoin,?,-17.85%,$0.019248
1813,SPND,Spendcoin,?,1.40%,$1.38
1814,BQT,Blockchain Qu...,?,1.89%,$0.013938
1815,IFC,Infinitecoin,?,0.03%,$0.000049
1816,ETT,EncryptoTel [...,?,11.63%,$0.024916
1817,ICR,InterCrone,?,23.27%,$0.394682
1818,GTM,Gentarium,?,-1.37%,$1.42
1819,MEX,MEX,?,7.44%,$0.000936
1820,UC,YouLive Coin,?,1.93%,$0.000525
1821,XID,Sphre AIR ,?,-0.71%,$0.032661
1822,BOE,Bodhi [ETH],?,-5.75%,$0.042907
1823,VCT,ValueCyberToken,?,1.90%,$0.021198
1824,PXC,Pixie Coin,?,1.18%,$0.001115
1825,AT,AWARE,?,1.37%,$0.003007
1826,LEMO,LemoChain,?,-0.36%,$0.012468
1827,KEY,KEY,?,1.26%,$0.001740
1828,IOV,Carlive Chain,?,-2.12%,$0.001729
1829,WWB,Wowbit,?,-2.89%,$0.026660
1830,EGCC,Engine,?,-3.52%,$0.000760
1831,LINA,Lina,?,-7.11%,$0.083593
1832,BAAS,BaaSid,?,19.76%,$0.003380
1833,HSN,Helper Search...,?,,$0.000016
1834,PDX,PayDay Coin,?,-2.34%,$1.82
1835,B2X,SegWit2x,?,1.51%,$0.176140
1836,DAPS,DAPS Token,?,-4.62%,$0.000180
1837,DPN,DIPNET,?,22.55%,$0.003042
1838,BIFI,Bitcoin File,?,-23.38%,$0.003218
1839,ECOREAL,Ecoreal Estate,?,1.68%,$0.073815
1840,IPC,IPChain,?,-0.65%,$0.180750
1841,LRN,Loopring [NEO],?,1.45%,$0.047797
1842,PCO,Pecunio,?,5.00%,$0.074739
1843,DRG,Dragon Coins,?,1.24%,$0.158855
1844,OTB,OTCBTC Token,?,-4.07%,$0.060942
1845,XMC,Monero Classic,?,0.70%,$1.40
1846,SUP,Superior Coin,?,0.91%,$0.000663
1847,WC,WINCOIN,?,6.52%,$0.158795
1848,UBC,Ubcoin Market,?,27.32%,$0.009863
1849,DASC,DasCoin,?,-0.02%,$0.032507
1850,SIX,SIX,?,1.56%,$0.030427
1851,HSC,HashCoin,?,-0.28%,$0.000363
1852,ROX,Robotina,?,1.45%,$0.030460
1853,ZENGOLD,ZenGold,?,-8.70%,$0.004740
1854,SNO,SaveNode,?,46.40%,$0.118272
1855,CTRT,Cryptrust,?,-22.13%,$0.000031
1856,BCDN,BlockCDN,?,-2.55%,$0.002596
1857,ATCC,ATC Coin,?,1.93%,$0.009542
1858,USE,Usechain Token,?,-8.11%,$0.001642
1859,TER,TerraNova,?,-24.14%,$0.195921
1860,DART,DarexTravel,?,-44.68%,$0.000003
1861,PC,Promotion Coin,?,-3.73%,$0.000452
1862,HOLD,HOLD,?,-4.48%,$0.001901
1863,XCASH,X-Cash,?,10.41%,$0.000048
1864,PHON,Phonecoin,?,35.38%,$2.29
1865,XTRD,XTRD,?,-3.18%,$0.003301
1866,CMS,COMSA [ETH],?,2.19%,$0.098518
1867,GOD,Bitcoin God,?,-1.24%,$13.70
1868,SCC,SiaCashCoin,?,2.69%,$0.000061
1869,ELI,Eligma Token,?,-14.85%,$0.010401
1870,QUBE,Qube,?,9.60%,$0.005170
1871,VTHO,VeThor Token,?,1.45%,$0.001379
1872,CMIT,CMITCOIN,?,37.96%,$0.000114
1873,PGT,Puregold Token,?,-67.07%,$0.099361
1874,TRXC,TRONCLASSIC,?,56.36%,$4.4e-07
1875,EST,Esports Token,?,-14.15%,$0.003313
1876,ESN,Ethersocial,?,5.25%,$0.208277
1877,SAL,SalPay,?,-3.65%,$0.031219
1878,KST,StarCoin,?,5.10%,$0.005489
1879,W3C,W3Coin,?,-9.44%,$0.000044
1880,BIR,Birake,?,5.31%,$0.103499
1881,PYN,PAYCENT,?,9.97%,$0.106833
1882,LSTR,Luna Stars,?,41.28%,$0.000232
1883,SWTC,Jingtum Tech,?,11.28%,$0.001777
1884,GVE,Globalvillage...,?,-5.73%,$0.001079
1885,BKBT,BeeKan,?,-3.00%,$0.001285
1886,CARAT,CARAT,?,1.22%,$1.01
1887,EMPR,empowr coin,?,1.11%,$0.009057
1888,PLURA,PluraCoin,?,0.26%,$0.000199
1889,NCP,Newton Coin P...,?,-5.13%,$0.000005
1890,PRS,PressOne,?,7.17%,$0.058529
1891,RDC,Ordocoin,?,-23.78%,$0.000040
1892,GENE,Gene Source C...,?,0.60%,$0.005945
1893,CMS,COMSA [XEM],?,-1.68%,$0.095613
1894,PCS,Pabyosi Coin ...,?,,$0.040943
1895,ACDC,Volt,?,5.23%,$0.001597
1896,WEB,Webchain,?,,$0.002651
1897,SNIP,SnipCoin,?,1.12%,$0.000318
1898,ERC20,ERC20,?,-10.76%,$0.235921
1899,YLC,YoloCash,?,-5.74%,$0.000781
1900,YUKI,YUKI,?,-26.94%,$0.000091
1901,RBLX,Rublix,?,11.55%,$0.077935
1902,BOC,BingoCoin,?,7.67%,$0.042995
1903,AZART,Azart,?,-34.68%,$0.036194
1904,IDOL,IDOL COIN,?,-35.82%,$0.000071
1905,XPAT,Bitnation,?,1.84%,$0.000035
1906,BITCF,First Bitcoin...,?,-0.09%,$0.033001
1907,BFF,BFFDoom,?,-16.03%,$0.000005
1908,XOT,Internet of T...,?,-39.53%,$46.73
1909,TKT,Twinkle,?,-9.40%,$0.002823
1910,ATC,Arbitracoin,?,-27.47%,$0.001524
1911,GARY,President Joh...,?,116.24%,$0.003976
1912,TESLA,TeslaCoilCoin,?,-54.46%,$0.133528
1913,PRES,President Trump,?,2.43%,$0.004374
1914,JOINT,Joint Ventures,?,-11.69%,$0.004417
1915,MOLK,MobilinkToken,?,12.18%,$0.028189
1916,IHF,Invictus Hype...,?,49.63%,$0.052310
1917,ANI,Animecoin,?,14.45%,$0.004639
1918,VSTR,Vestoria,?,-22.50%,$0.000005
1919,ACTP,Archetypal Ne...,?,5.25%,$0.000016
1920,IQN,IQeon,?,0.80%,$0.230109
1921,LUC,Level Up Coin,?,5.20%,$0.002117
1922,DWS,DWS,?,-3.80%,$0.007743
1923,SOL,Sola Token,?,-6.20%,$0.006600
1924,AAA,Abulaba,?,-1.28%,$0.165667
1925,GOT,ParkinGo,?,0.28%,$0.596422
1926,GBG,Golos Gold,?,-9.02%,$0.021511
1927,SHARD,Shard,?,-11.43%,$0.058633
1928,NEWOS,NewsToken,?,5.97%,$0.002588
1929,GIO,Graviocoin,?,-4.74%,$0.000439
1930,YOU,YOU COIN,?,-1.46%,$0.006927
1931,ERT,Eristica,?,,$0.011203
1932,EMB,EmberCoin,?,-20.35%,$9.4e-08
1933,DAGT,Digital Asset...,?,,$0.071568
1934,KXC,KingXChain,?,-10.47%,$0.000012
1935,HPY,Hyper Pay,?,,$0.004592
1936,CANDY,Candy,?,7.05%,$0.000068
1937,CEN,Centaure,?,-4.53%,$0.002447
1938,CLUB,ClubCoin,?,-0.17%,$0.442530
1939,MIB,MIB Coin,?,14.60%,$0.063020
1940,CHE,Crypto Harbor...,?,50.84%,$0.000198
1941,ERA,ERA,?,34.89%,$0.007621
1942,MEETONE,MEET.ONE,?,-5.62%,$0.002504
1943,XMO,Monero Original,?,-6.36%,$1.34
1944,BTAD,Bitcoin Adult,?,15.42%,$0.024878
1945,CNET,ContractNet,?,-6.17%,$0.016366
1946,SEAL,Seal Network,?,14.74%,$0.003708
1947,VDG,VeriDocGlobal,?,7.53%,$0.006272
1948,ABLX,ABLE,?,2.67%,$0.000652
1949,MRI,Mirai,?,-3.85%,$0.082419
1950,C8,Carboneum [C8...,?,-24.84%,$0.008025
1951,DACH,DACH Coin,?,-50.98%,$0.022730
1952,OBTC,Obitan Chain,?,-18.54%,$0.000002
1953,INDI,Indicoin,?,7.53%,$0.009277
1954,COMP,Compound Coin,?,-13.66%,$0.000046
1955,LTHN,Lethean,?,-7.89%,$0.001150
1956,AEG,Aegeus,?,15.89%,$0.011072
1957,ZSE,ZSEcoin,?,7.15%,$0.009807
1958,TDC,Trendercoin,?,-37.59%,$0.000031
1959,GZE,GazeCoin,?,-3.69%,$0.010934
1960,ECT,SuperEdge,?,-33.68%,$0.000075
1961,ORS,ORS Group,?,-2.17%,$0.025269
1962,ELLI,Elliot Coin,?,72.57%,$0.011178
1963,GCS,GameChain System,?,1.61%,$0.001502
1964,CEFS,CryptopiaFeeS...,?,7.42%,$990.87
1965,WETH,WETH,?,3.75%,$228.96
1966,CEDEX,CEDEX Coin,?,2.03%,$0.099170
1967,RBMC,Rubex Money,?,-1.99%,$0.000994
1968,LST,Lendroid Supp...,?,1.93%,$0.002000
1969,HYB,Hybrid Block,?,12.69%,$0.020027
1970,NAM,NAM COIN,?,-8.81%,$0.000361
1971,PAXEX,PAXEX,?,16.06%,$0.009996
1972,SC2,SecureCloudCoin,?,-6.43%,$0.006097
1973,BSN,Bastonet,?,-28.00%,$0.000021
1974,TWIST,TWIST,?,-6.98%,$0.002386
1975,IQT,iQuant,?,-5.45%,$0.008781
1976,GDC,GrandCoin,?,0.65%,$0.000132
1977,SONO,SONO,?,18.14%,$0.178920
1978,SIGMA,SIGMAcoin,?,1.73%,$0.002588
1979,ESCO,EscrowCoin,?,1.27%,$0.166992
1980,PTS,PitisCoin,?,-6.23%,$0.000941
1981,HERO,Hero,?,14.46%,$0.059390
1982,DNZ,Adenz,?,0.24%,$0.004215
1983,OLMP,Olympic,?,0.40%,$0.000596
1984,QURO,Qurito,?,-10.83%,$0.008018
1985,PASS,Blockpass,?,-1.31%,$0.005898
1986,RCD,RECORD,?,28.87%,$0.008424
1987,COTN,CottonCoin,?,78.78%,$0.039561
1988,CSM,Consentium,?,0.97%,$1.64
1989,PWR,PWR Coin,?,,$0.000066
1990,BUBO,Budbo,?,-4.26%,$0.007829
1991,KARMA,KARMA,?,-5.05%,$0.000800
1992,FRGC,Fargocoin,?,-4.10%,$0.098243
1993,ACC,ACChain,?,3.21%,$0.044664
1994,AV,AvatarCoin,?,-27.25%,$0.092906
1995,GRX,GOLD Reward T...,?,0.74%,$0.003535
1996,XRY,Royalties,?,-30.93%,$0.000007
1997,CLD,Cloud,?,0.47%,$0.019967
1998,LATINO,Latino Token,?,,$0.000663
1999,DMC,DynamicCoin,?,0.08%,$0.000190
